[1m[33mwarning[0m[1m: unused import: `D`[0m
 [1m[94m--> [0msrc/main.rs:2:35
  [1m[94m|[0m
[1m[94m2[0m [1m[94m|[0m use candle_core::{Device, Tensor, D};
  [1m[94m|[0m                                   [1m[33m^[0m
  [1m[94m|[0m
  [1m[94m= [0m[1mnote[0m: `#[warn(unused_imports)]` (part of `#[warn(unused)]`) on by default

[1m[33mwarning[0m[1m: unnecessary parentheses around function argument[0m
  [1m[94m--> [0msrc/main.rs:30:54
   [1m[94m|[0m
[1m[94m30[0m [1m[94m|[0m         let bias: Tensor = Tensor::randn(0f32, 1f32, (1), &device)?;
   [1m[94m|[0m                                                      [1m[33m^[0m [1m[33m^[0m
   [1m[94m|[0m
   [1m[94m= [0m[1mnote[0m: `#[warn(unused_parens)]` (part of `#[warn(unused)]`) on by default
[1m[96mhelp[0m: remove these parentheses
   [1m[94m|[0m
[1m[94m30[0m [91m- [0m        let bias: Tensor = Tensor::randn(0f32, 1f32, [91m([0m1[91m)[0m, &device)?;
[1m[94m30[0m [92m+ [0m        let bias: Tensor = Tensor::randn(0f32, 1f32, 1[92m [0m, &device)?;
   [1m[94m|[0m

[1m[33mwarning[0m[1m: unused variable: `reg`[0m
  [1m[94m--> [0msrc/main.rs:62:13
   [1m[94m|[0m
[1m[94m62[0m [1m[94m|[0m         let reg = self.regularization;
   [1m[94m|[0m             [1m[33m^^^[0m [1m[33mhelp: if this is intentional, prefix it with an underscore: `_reg`[0m
   [1m[94m|[0m
   [1m[94m= [0m[1mnote[0m: `#[warn(unused_variables)]` (part of `#[warn(unused)]`) on by default

[1m[33mwarning[0m[1m: unused variable: `lr`[0m
  [1m[94m--> [0msrc/main.rs:63:13
   [1m[94m|[0m
[1m[94m63[0m [1m[94m|[0m         let lr = self.lr;
   [1m[94m|[0m             [1m[33m^^[0m [1m[33mhelp: if this is intentional, prefix it with an underscore: `_lr`[0m

[1m[33mwarning[0m[1m: unused variable: `loss`[0m
  [1m[94m--> [0msrc/main.rs:65:13
   [1m[94m|[0m
[1m[94m65[0m [1m[94m|[0m         let loss = output.sub(labels)?;
   [1m[94m|[0m             [1m[33m^^^^[0m [1m[33mhelp: if this is intentional, prefix it with an underscore: `_loss`[0m

[1m[33mwarning[0m[1m: fields `weights`, `bias`, `device`, `lr`, and `regularization` are never read[0m
  [1m[94m--> [0msrc/main.rs:19:5
   [1m[94m|[0m
[1m[94m18[0m [1m[94m|[0m struct LinearRegression {
   [1m[94m|[0m        [1m[94m----------------[0m [1m[94mfields in this struct[0m
[1m[94m19[0m [1m[94m|[0m     weights: Tensor,
   [1m[94m|[0m     [1m[33m^^^^^^^[0m
[1m[94m20[0m [1m[94m|[0m     bias: Tensor,
   [1m[94m|[0m     [1m[33m^^^^[0m
[1m[94m21[0m [1m[94m|[0m     device: Device,
   [1m[94m|[0m     [1m[33m^^^^^^[0m
[1m[94m22[0m [1m[94m|[0m     lr: f32,
   [1m[94m|[0m     [1m[33m^^[0m
[1m[94m23[0m [1m[94m|[0m     regularization: f32,
   [1m[94m|[0m     [1m[33m^^^^^^^^^^^^^^[0m
   [1m[94m|[0m
   [1m[94m= [0m[1mnote[0m: `#[warn(dead_code)]` (part of `#[warn(unused)]`) on by default

[1m[33mwarning[0m[1m: methods `forward`, `loss`, and `train` are never used[0m
  [1m[94m--> [0msrc/main.rs:43:8
   [1m[94m|[0m
[1m[94m26[0m [1m[94m|[0m impl LinearRegression {
   [1m[94m|[0m [1m[94m---------------------[0m [1m[94mmethods in this implementation[0m
[1m[94m...[0m
[1m[94m43[0m [1m[94m|[0m     fn forward(&self, x: &Tensor) -> Result<Tensor> {
   [1m[94m|[0m        [1m[33m^^^^^^^[0m
[1m[94m...[0m
[1m[94m49[0m [1m[94m|[0m     fn loss(&self, predictions: &Tensor, targets: &Tensor) -> Result<f32> {
   [1m[94m|[0m        [1m[33m^^^^[0m
[1m[94m...[0m
[1m[94m56[0m [1m[94m|[0m     fn train(
   [1m[94m|[0m        [1m[33m^^^^^[0m

[1m[33mwarning[0m[1m: variable `X` should have a snake case name[0m
   [1m[94m--> [0msrc/main.rs:120:13
    [1m[94m|[0m
[1m[94m120[0m [1m[94m|[0m         let X = features.broadcast_sub(&xm)?;
    [1m[94m|[0m             [1m[33m^[0m [1m[33mhelp: convert the identifier to snake case (notice the capitalization): `x`[0m
    [1m[94m|[0m
    [1m[94m= [0m[1mnote[0m: `#[warn(non_snake_case)]` (part of `#[warn(nonstandard_style)]`) on by default

[1m[33mwarning[0m[1m: variable `Y` should have a snake case name[0m
   [1m[94m--> [0msrc/main.rs:121:13
    [1m[94m|[0m
[1m[94m121[0m [1m[94m|[0m         let Y = labels.broadcast_sub(&ym)?;
    [1m[94m|[0m             [1m[33m^[0m [1m[33mhelp: convert the identifier to snake case (notice the capitalization): `y`[0m

[1m[33mwarning[0m[1m: variable `W` should have a snake case name[0m
   [1m[94m--> [0msrc/main.rs:127:13
    [1m[94m|[0m
[1m[94m127[0m [1m[94m|[0m         let W = X.matmul(&X.t()?)?;
    [1m[94m|[0m             [1m[33m^[0m [1m[33mhelp: convert the identifier to snake case (notice the capitalization): `w`[0m

[1m[33mwarning[0m[1m: variable `W` should have a snake case name[0m
   [1m[94m--> [0msrc/main.rs:128:13
    [1m[94m|[0m
[1m[94m128[0m [1m[94m|[0m         let W = invert_tensor(&W)?;
    [1m[94m|[0m             [1m[33m^[0m [1m[33mhelp: convert the identifier to snake case (notice the capitalization): `w`[0m

[1m[33mwarning[0m[1m: variable `W` should have a snake case name[0m
   [1m[94m--> [0msrc/main.rs:129:13
    [1m[94m|[0m
[1m[94m129[0m [1m[94m|[0m         let W = W.matmul(&X)?;
    [1m[94m|[0m             [1m[33m^[0m [1m[33mhelp: convert the identifier to snake case (notice the capitalization): `w`[0m

[1m[33mwarning[0m[1m: variable `W` should have a snake case name[0m
   [1m[94m--> [0msrc/main.rs:130:13
    [1m[94m|[0m
[1m[94m130[0m [1m[94m|[0m         let W = W.matmul(&Y)?;
    [1m[94m|[0m             [1m[33m^[0m [1m[33mhelp: convert the identifier to snake case (notice the capitalization): `w`[0m

[1m[33mwarning[0m: `rust-candle-course` (bin "rust-candle-course") generated 13 warnings (run `cargo fix --bin "rust-candle-course" -p rust-candle-course` to apply 5 suggestions)
[1m[92m    Finished[0m `dev` profile [unoptimized + debuginfo] target(s) in 0.13s
[1m[38;5;255m[48;5;240m rust-candle-course [0m[1m[38;5;235m[48;5;204m check [0m[1m[38;5;235m[48;5;11m  13 warnings  [0m
[1m[92m    Checking[0m rust-candle-course v0.1.0 (/Users/stephen/Desktop/rust-candle-course)
[1m[33mwarning[0m[1m: unused import: `D`[0m
 [1m[94m--> [0msrc/main.rs:2:35
  [1m[94m|[0m
[1m[94m2[0m [1m[94m|[0m use candle_core::{Device, Tensor, D};
  [1m[94m|[0m                                   [1m[33m^[0m
  [1m[94m|[0m
  [1m[94m= [0m[1mnote[0m: `#[warn(unused_imports)]` (part of `#[warn(unused)]`) on by default

[1m[33mwarning[0m[1m: unnecessary parentheses around function argument[0m
  [1m[94m--> [0msrc/main.rs:30:54
   [1m[94m|[0m
[1m[94m30[0m [1m[94m|[0m         let bias: Tensor = Tensor::randn(0f32, 1f32, (1), &device)?;
   [1m[94m|[0m                                                      [1m[33m^[0m [1m[33m^[0m
   [1m[94m|[0m
   [1m[94m= [0m[1mnote[0m: `#[warn(unused_parens)]` (part of `#[warn(unused)]`) on by default
[1m[96mhelp[0m: remove these parentheses
   [1m[94m|[0m
[1m[94m30[0m [91m- [0m        let bias: Tensor = Tensor::randn(0f32, 1f32, [91m([0m1[91m)[0m, &device)?;
[1m[94m30[0m [92m+ [0m        let bias: Tensor = Tensor::randn(0f32, 1f32, 1[92m [0m, &device)?;
   [1m[94m|[0m

[1m[33mwarning[0m[1m: unused variable: `reg`[0m
  [1m[94m--> [0msrc/main.rs:62:13
   [1m[94m|[0m
[1m[94m62[0m [1m[94m|[0m         let reg = self.regularization;
   [1m[94m|[0m             [1m[33m^^^[0m [1m[33mhelp: if this is intentional, prefix it with an underscore: `_reg`[0m
   [1m[94m|[0m
   [1m[94m= [0m[1mnote[0m: `#[warn(unused_variables)]` (part of `#[warn(unused)]`) on by default

[1m[33mwarning[0m[1m: unused variable: `lr`[0m
  [1m[94m--> [0msrc/main.rs:63:13
   [1m[94m|[0m
[1m[94m63[0m [1m[94m|[0m         let lr = self.lr;
   [1m[94m|[0m             [1m[33m^^[0m [1m[33mhelp: if this is intentional, prefix it with an underscore: `_lr`[0m

[1m[33mwarning[0m[1m: unused variable: `loss`[0m
  [1m[94m--> [0msrc/main.rs:65:13
   [1m[94m|[0m
[1m[94m65[0m [1m[94m|[0m         let loss = output.sub(labels)?;
   [1m[94m|[0m             [1m[33m^^^^[0m [1m[33mhelp: if this is intentional, prefix it with an underscore: `_loss`[0m

[1m[33mwarning[0m[1m: unused variable: `Y`[0m
   [1m[94m--> [0msrc/main.rs:121:13
    [1m[94m|[0m
[1m[94m121[0m [1m[94m|[0m         let Y = labels.broadcast_sub(&ym)?;
    [1m[94m|[0m             [1m[33m^[0m [1m[33mhelp: if this is intentional, prefix it with an underscore: `_Y`[0m

[1m[33mwarning[0m[1m: fields `weights`, `bias`, `device`, `lr`, and `regularization` are never read[0m
  [1m[94m--> [0msrc/main.rs:19:5
   [1m[94m|[0m
[1m[94m18[0m [1m[94m|[0m struct LinearRegression {
   [1m[94m|[0m        [1m[94m----------------[0m [1m[94mfields in this struct[0m
[1m[94m19[0m [1m[94m|[0m     weights: Tensor,
   [1m[94m|[0m     [1m[33m^^^^^^^[0m
[1m[94m20[0m [1m[94m|[0m     bias: Tensor,
   [1m[94m|[0m     [1m[33m^^^^[0m
[1m[94m21[0m [1m[94m|[0m     device: Device,
   [1m[94m|[0m     [1m[33m^^^^^^[0m
[1m[94m22[0m [1m[94m|[0m     lr: f32,
   [1m[94m|[0m     [1m[33m^^[0m
[1m[94m23[0m [1m[94m|[0m     regularization: f32,
   [1m[94m|[0m     [1m[33m^^^^^^^^^^^^^^[0m
   [1m[94m|[0m
   [1m[94m= [0m[1mnote[0m: `#[warn(dead_code)]` (part of `#[warn(unused)]`) on by default

[1m[33mwarning[0m[1m: methods `forward`, `loss`, and `train` are never used[0m
  [1m[94m--> [0msrc/main.rs:43:8
   [1m[94m|[0m
[1m[94m26[0m [1m[94m|[0m impl LinearRegression {
   [1m[94m|[0m [1m[94m---------------------[0m [1m[94mmethods in this implementation[0m
[1m[94m...[0m
[1m[94m43[0m [1m[94m|[0m     fn forward(&self, x: &Tensor) -> Result<Tensor> {
   [1m[94m|[0m        [1m[33m^^^^^^^[0m
[1m[94m...[0m
[1m[94m49[0m [1m[94m|[0m     fn loss(&self, predictions: &Tensor, targets: &Tensor) -> Result<f32> {
   [1m[94m|[0m        [1m[33m^^^^[0m
[1m[94m...[0m
[1m[94m56[0m [1m[94m|[0m     fn train(
   [1m[94m|[0m        [1m[33m^^^^^[0m

[1m[33mwarning[0m[1m: variable `X` should have a snake case name[0m
   [1m[94m--> [0msrc/main.rs:120:13
    [1m[94m|[0m
[1m[94m120[0m [1m[94m|[0m         let X = features.broadcast_sub(&xm)?;
    [1m[94m|[0m             [1m[33m^[0m [1m[33mhelp: convert the identifier to snake case (notice the capitalization): `x`[0m
    [1m[94m|[0m
    [1m[94m= [0m[1mnote[0m: `#[warn(non_snake_case)]` (part of `#[warn(nonstandard_style)]`) on by default

[1m[33mwarning[0m[1m: variable `Y` should have a snake case name[0m
   [1m[94m--> [0msrc/main.rs:121:13
    [1m[94m|[0m
[1m[94m121[0m [1m[94m|[0m         let Y = labels.broadcast_sub(&ym)?;
    [1m[94m|[0m             [1m[33m^[0m [1m[33mhelp: convert the identifier to snake case (notice the capitalization): `y`[0m

[1m[33mwarning[0m[1m: variable `W` should have a snake case name[0m
   [1m[94m--> [0msrc/main.rs:127:13
    [1m[94m|[0m
[1m[94m127[0m [1m[94m|[0m         let W = X.matmul(&X.t()?)?;
    [1m[94m|[0m             [1m[33m^[0m [1m[33mhelp: convert the identifier to snake case (notice the capitalization): `w`[0m

[1m[33mwarning[0m[1m: variable `W` should have a snake case name[0m
   [1m[94m--> [0msrc/main.rs:128:13
    [1m[94m|[0m
[1m[94m128[0m [1m[94m|[0m         let W = invert_tensor(&W)?;
    [1m[94m|[0m             [1m[33m^[0m [1m[33mhelp: convert the identifier to snake case (notice the capitalization): `w`[0m

[1m[33mwarning[0m[1m: variable `W` should have a snake case name[0m
   [1m[94m--> [0msrc/main.rs:129:13
    [1m[94m|[0m
[1m[94m129[0m [1m[94m|[0m         let W = W.matmul(&X)?;
    [1m[94m|[0m             [1m[33m^[0m [1m[33mhelp: convert the identifier to snake case (notice the capitalization): `w`[0m

[1m[33mwarning[0m: `rust-candle-course` (bin "rust-candle-course") generated 13 warnings (run `cargo fix --bin "rust-candle-course" -p rust-candle-course` to apply 6 suggestions)
[1m[92m    Finished[0m `dev` profile [unoptimized + debuginfo] target(s) in 0.32s
[1m[38;5;255m[48;5;240m rust-candle-course [0m[1m[38;5;235m[48;5;204m check [0m[1m[38;5;235m[48;5;11m  13 warnings  [0m
[1m[92m    Checking[0m rust-candle-course v0.1.0 (/Users/stephen/Desktop/rust-candle-course)
[1m[33mwarning[0m[1m: unused import: `D`[0m
 [1m[94m--> [0msrc/main.rs:2:35
  [1m[94m|[0m
[1m[94m2[0m [1m[94m|[0m use candle_core::{Device, Tensor, D};
  [1m[94m|[0m                                   [1m[33m^[0m
  [1m[94m|[0m
  [1m[94m= [0m[1mnote[0m: `#[warn(unused_imports)]` (part of `#[warn(unused)]`) on by default

[1m[33mwarning[0m[1m: unnecessary parentheses around function argument[0m
  [1m[94m--> [0msrc/main.rs:30:54
   [1m[94m|[0m
[1m[94m30[0m [1m[94m|[0m         let bias: Tensor = Tensor::randn(0f32, 1f32, (1), &device)?;
   [1m[94m|[0m                                                      [1m[33m^[0m [1m[33m^[0m
   [1m[94m|[0m
   [1m[94m= [0m[1mnote[0m: `#[warn(unused_parens)]` (part of `#[warn(unused)]`) on by default
[1m[96mhelp[0m: remove these parentheses
   [1m[94m|[0m
[1m[94m30[0m [91m- [0m        let bias: Tensor = Tensor::randn(0f32, 1f32, [91m([0m1[91m)[0m, &device)?;
[1m[94m30[0m [92m+ [0m        let bias: Tensor = Tensor::randn(0f32, 1f32, 1[92m [0m, &device)?;
   [1m[94m|[0m

[1m[33mwarning[0m[1m: unused variable: `reg`[0m
  [1m[94m--> [0msrc/main.rs:62:13
   [1m[94m|[0m
[1m[94m62[0m [1m[94m|[0m         let reg = self.regularization;
   [1m[94m|[0m             [1m[33m^^^[0m [1m[33mhelp: if this is intentional, prefix it with an underscore: `_reg`[0m
   [1m[94m|[0m
   [1m[94m= [0m[1mnote[0m: `#[warn(unused_variables)]` (part of `#[warn(unused)]`) on by default

[1m[33mwarning[0m[1m: unused variable: `lr`[0m
  [1m[94m--> [0msrc/main.rs:63:13
   [1m[94m|[0m
[1m[94m63[0m [1m[94m|[0m         let lr = self.lr;
   [1m[94m|[0m             [1m[33m^^[0m [1m[33mhelp: if this is intentional, prefix it with an underscore: `_lr`[0m

[1m[33mwarning[0m[1m: unused variable: `loss`[0m
  [1m[94m--> [0msrc/main.rs:65:13
   [1m[94m|[0m
[1m[94m65[0m [1m[94m|[0m         let loss = output.sub(labels)?;
   [1m[94m|[0m             [1m[33m^^^^[0m [1m[33mhelp: if this is intentional, prefix it with an underscore: `_loss`[0m

[1m[33mwarning[0m[1m: unused variable: `Y`[0m
   [1m[94m--> [0msrc/main.rs:121:13
    [1m[94m|[0m
[1m[94m121[0m [1m[94m|[0m         let Y = labels.broadcast_sub(&ym)?;
    [1m[94m|[0m             [1m[33m^[0m [1m[33mhelp: if this is intentional, prefix it with an underscore: `_Y`[0m

[1m[33mwarning[0m[1m: fields `weights`, `bias`, `device`, `lr`, and `regularization` are never read[0m
  [1m[94m--> [0msrc/main.rs:19:5
   [1m[94m|[0m
[1m[94m18[0m [1m[94m|[0m struct LinearRegression {
   [1m[94m|[0m        [1m[94m----------------[0m [1m[94mfields in this struct[0m
[1m[94m19[0m [1m[94m|[0m     weights: Tensor,
   [1m[94m|[0m     [1m[33m^^^^^^^[0m
[1m[94m20[0m [1m[94m|[0m     bias: Tensor,
   [1m[94m|[0m     [1m[33m^^^^[0m
[1m[94m21[0m [1m[94m|[0m     device: Device,
   [1m[94m|[0m     [1m[33m^^^^^^[0m
[1m[94m22[0m [1m[94m|[0m     lr: f32,
   [1m[94m|[0m     [1m[33m^^[0m
[1m[94m23[0m [1m[94m|[0m     regularization: f32,
   [1m[94m|[0m     [1m[33m^^^^^^^^^^^^^^[0m
   [1m[94m|[0m
   [1m[94m= [0m[1mnote[0m: `#[warn(dead_code)]` (part of `#[warn(unused)]`) on by default

[1m[33mwarning[0m[1m: methods `forward`, `loss`, and `train` are never used[0m
  [1m[94m--> [0msrc/main.rs:43:8
   [1m[94m|[0m
[1m[94m26[0m [1m[94m|[0m impl LinearRegression {
   [1m[94m|[0m [1m[94m---------------------[0m [1m[94mmethods in this implementation[0m
[1m[94m...[0m
[1m[94m43[0m [1m[94m|[0m     fn forward(&self, x: &Tensor) -> Result<Tensor> {
   [1m[94m|[0m        [1m[33m^^^^^^^[0m
[1m[94m...[0m
[1m[94m49[0m [1m[94m|[0m     fn loss(&self, predictions: &Tensor, targets: &Tensor) -> Result<f32> {
   [1m[94m|[0m        [1m[33m^^^^[0m
[1m[94m...[0m
[1m[94m56[0m [1m[94m|[0m     fn train(
   [1m[94m|[0m        [1m[33m^^^^^[0m

[1m[33mwarning[0m[1m: variable `X` should have a snake case name[0m
   [1m[94m--> [0msrc/main.rs:120:13
    [1m[94m|[0m
[1m[94m120[0m [1m[94m|[0m         let X = features.broadcast_sub(&xm)?;
    [1m[94m|[0m             [1m[33m^[0m [1m[33mhelp: convert the identifier to snake case (notice the capitalization): `x`[0m
    [1m[94m|[0m
    [1m[94m= [0m[1mnote[0m: `#[warn(non_snake_case)]` (part of `#[warn(nonstandard_style)]`) on by default

[1m[33mwarning[0m[1m: variable `Y` should have a snake case name[0m
   [1m[94m--> [0msrc/main.rs:121:13
    [1m[94m|[0m
[1m[94m121[0m [1m[94m|[0m         let Y = labels.broadcast_sub(&ym)?;
    [1m[94m|[0m             [1m[33m^[0m [1m[33mhelp: convert the identifier to snake case (notice the capitalization): `y`[0m

[1m[33mwarning[0m[1m: variable `W` should have a snake case name[0m
   [1m[94m--> [0msrc/main.rs:127:13
    [1m[94m|[0m
[1m[94m127[0m [1m[94m|[0m         let W = X.matmul(&X.t()?)?;
    [1m[94m|[0m             [1m[33m^[0m [1m[33mhelp: convert the identifier to snake case (notice the capitalization): `w`[0m

[1m[33mwarning[0m[1m: variable `W` should have a snake case name[0m
   [1m[94m--> [0msrc/main.rs:128:13
    [1m[94m|[0m
[1m[94m128[0m [1m[94m|[0m         let W = invert_tensor(&W)?;
    [1m[94m|[0m             [1m[33m^[0m [1m[33mhelp: convert the identifier to snake case (notice the capitalization): `w`[0m

[1m[33mwarning[0m[1m: variable `W` should have a snake case name[0m
   [1m[94m--> [0msrc/main.rs:129:13
    [1m[94m|[0m
[1m[94m129[0m [1m[94m|[0m         let W = W.matmul(&X)?;
    [1m[94m|[0m             [1m[33m^[0m [1m[33mhelp: convert the identifier to snake case (notice the capitalization): `w`[0m

[1m[33mwarning[0m: `rust-candle-course` (bin "rust-candle-course") generated 13 warnings (run `cargo fix --bin "rust-candle-course" -p rust-candle-course` to apply 6 suggestions)
[1m[92m    Finished[0m `dev` profile [unoptimized + debuginfo] target(s) in 0.12s
[1m[38;5;255m[48;5;240m rust-candle-course [0m[1m[38;5;235m[48;5;204m check [0m[1m[38;5;235m[48;5;11m  13 warnings  [0m
[1m[92m    Checking[0m rust-candle-course v0.1.0 (/Users/stephen/Desktop/rust-candle-course)
[1m[33mwarning[0m[1m: unused import: `D`[0m
 [1m[94m--> [0msrc/main.rs:2:35
  [1m[94m|[0m
[1m[94m2[0m [1m[94m|[0m use candle_core::{Device, Tensor, D};
  [1m[94m|[0m                                   [1m[33m^[0m
  [1m[94m|[0m
  [1m[94m= [0m[1mnote[0m: `#[warn(unused_imports)]` (part of `#[warn(unused)]`) on by default

[1m[33mwarning[0m[1m: unnecessary parentheses around function argument[0m
  [1m[94m--> [0msrc/main.rs:30:54
   [1m[94m|[0m
[1m[94m30[0m [1m[94m|[0m         let bias: Tensor = Tensor::randn(0f32, 1f32, (1), &device)?;
   [1m[94m|[0m                                                      [1m[33m^[0m [1m[33m^[0m
   [1m[94m|[0m
   [1m[94m= [0m[1mnote[0m: `#[warn(unused_parens)]` (part of `#[warn(unused)]`) on by default
[1m[96mhelp[0m: remove these parentheses
   [1m[94m|[0m
[1m[94m30[0m [91m- [0m        let bias: Tensor = Tensor::randn(0f32, 1f32, [91m([0m1[91m)[0m, &device)?;
[1m[94m30[0m [92m+ [0m        let bias: Tensor = Tensor::randn(0f32, 1f32, 1[92m [0m, &device)?;
   [1m[94m|[0m

[1m[33mwarning[0m[1m: unused variable: `reg`[0m
  [1m[94m--> [0msrc/main.rs:62:13
   [1m[94m|[0m
[1m[94m62[0m [1m[94m|[0m         let reg = self.regularization;
   [1m[94m|[0m             [1m[33m^^^[0m [1m[33mhelp: if this is intentional, prefix it with an underscore: `_reg`[0m
   [1m[94m|[0m
   [1m[94m= [0m[1mnote[0m: `#[warn(unused_variables)]` (part of `#[warn(unused)]`) on by default

[1m[33mwarning[0m[1m: unused variable: `lr`[0m
  [1m[94m--> [0msrc/main.rs:63:13
   [1m[94m|[0m
[1m[94m63[0m [1m[94m|[0m         let lr = self.lr;
   [1m[94m|[0m             [1m[33m^^[0m [1m[33mhelp: if this is intentional, prefix it with an underscore: `_lr`[0m

[1m[33mwarning[0m[1m: unused variable: `loss`[0m
  [1m[94m--> [0msrc/main.rs:65:13
   [1m[94m|[0m
[1m[94m65[0m [1m[94m|[0m         let loss = output.sub(labels)?;
   [1m[94m|[0m             [1m[33m^^^^[0m [1m[33mhelp: if this is intentional, prefix it with an underscore: `_loss`[0m

[1m[33mwarning[0m[1m: fields `weights`, `bias`, `device`, `lr`, and `regularization` are never read[0m
  [1m[94m--> [0msrc/main.rs:19:5
   [1m[94m|[0m
[1m[94m18[0m [1m[94m|[0m struct LinearRegression {
   [1m[94m|[0m        [1m[94m----------------[0m [1m[94mfields in this struct[0m
[1m[94m19[0m [1m[94m|[0m     weights: Tensor,
   [1m[94m|[0m     [1m[33m^^^^^^^[0m
[1m[94m20[0m [1m[94m|[0m     bias: Tensor,
   [1m[94m|[0m     [1m[33m^^^^[0m
[1m[94m21[0m [1m[94m|[0m     device: Device,
   [1m[94m|[0m     [1m[33m^^^^^^[0m
[1m[94m22[0m [1m[94m|[0m     lr: f32,
   [1m[94m|[0m     [1m[33m^^[0m
[1m[94m23[0m [1m[94m|[0m     regularization: f32,
   [1m[94m|[0m     [1m[33m^^^^^^^^^^^^^^[0m
   [1m[94m|[0m
   [1m[94m= [0m[1mnote[0m: `#[warn(dead_code)]` (part of `#[warn(unused)]`) on by default

[1m[33mwarning[0m[1m: methods `forward`, `loss`, and `train` are never used[0m
  [1m[94m--> [0msrc/main.rs:43:8
   [1m[94m|[0m
[1m[94m26[0m [1m[94m|[0m impl LinearRegression {
   [1m[94m|[0m [1m[94m---------------------[0m [1m[94mmethods in this implementation[0m
[1m[94m...[0m
[1m[94m43[0m [1m[94m|[0m     fn forward(&self, x: &Tensor) -> Result<Tensor> {
   [1m[94m|[0m        [1m[33m^^^^^^^[0m
[1m[94m...[0m
[1m[94m49[0m [1m[94m|[0m     fn loss(&self, predictions: &Tensor, targets: &Tensor) -> Result<f32> {
   [1m[94m|[0m        [1m[33m^^^^[0m
[1m[94m...[0m
[1m[94m56[0m [1m[94m|[0m     fn train(
   [1m[94m|[0m        [1m[33m^^^^^[0m

[1m[33mwarning[0m[1m: variable `X` should have a snake case name[0m
   [1m[94m--> [0msrc/main.rs:120:13
    [1m[94m|[0m
[1m[94m120[0m [1m[94m|[0m         let X = features.broadcast_sub(&xm)?;
    [1m[94m|[0m             [1m[33m^[0m [1m[33mhelp: convert the identifier to snake case (notice the capitalization): `x`[0m
    [1m[94m|[0m
    [1m[94m= [0m[1mnote[0m: `#[warn(non_snake_case)]` (part of `#[warn(nonstandard_style)]`) on by default

[1m[33mwarning[0m[1m: variable `Y` should have a snake case name[0m
   [1m[94m--> [0msrc/main.rs:121:13
    [1m[94m|[0m
[1m[94m121[0m [1m[94m|[0m         let Y = labels.broadcast_sub(&ym)?;
    [1m[94m|[0m             [1m[33m^[0m [1m[33mhelp: convert the identifier to snake case (notice the capitalization): `y`[0m

[1m[33mwarning[0m[1m: variable `W` should have a snake case name[0m
   [1m[94m--> [0msrc/main.rs:127:13
    [1m[94m|[0m
[1m[94m127[0m [1m[94m|[0m         let W = X.matmul(&X.t()?)?;
    [1m[94m|[0m             [1m[33m^[0m [1m[33mhelp: convert the identifier to snake case (notice the capitalization): `w`[0m

[1m[33mwarning[0m[1m: variable `W` should have a snake case name[0m
   [1m[94m--> [0msrc/main.rs:128:13
    [1m[94m|[0m
[1m[94m128[0m [1m[94m|[0m         let W = invert_tensor(&W)?;
    [1m[94m|[0m             [1m[33m^[0m [1m[33mhelp: convert the identifier to snake case (notice the capitalization): `w`[0m

[1m[33mwarning[0m[1m: variable `W` should have a snake case name[0m
   [1m[94m--> [0msrc/main.rs:129:13
    [1m[94m|[0m
[1m[94m129[0m [1m[94m|[0m         let W = W.matmul(&X)?;
    [1m[94m|[0m             [1m[33m^[0m [1m[33mhelp: convert the identifier to snake case (notice the capitalization): `w`[0m

[1m[33mwarning[0m: `rust-candle-course` (bin "rust-candle-course") generated 12 warnings (run `cargo fix --bin "rust-candle-course" -p rust-candle-course` to apply 5 suggestions)
[1m[92m    Finished[0m `dev` profile [unoptimized + debuginfo] target(s) in 0.13s
[1m[38;5;255m[48;5;240m rust-candle-course [0m[1m[38;5;235m[48;5;204m check [0m[1m[38;5;235m[48;5;11m  12 warnings  [0m
[1m[92m    Checking[0m rust-candle-course v0.1.0 (/Users/stephen/Desktop/rust-candle-course)
[1m[33mwarning[0m[1m: unused import: `D`[0m
 [1m[94m--> [0msrc/main.rs:2:35
  [1m[94m|[0m
[1m[94m2[0m [1m[94m|[0m use candle_core::{Device, Tensor, D};
  [1m[94m|[0m                                   [1m[33m^[0m
  [1m[94m|[0m
  [1m[94m= [0m[1mnote[0m: `#[warn(unused_imports)]` (part of `#[warn(unused)]`) on by default

[1m[33mwarning[0m[1m: unnecessary parentheses around function argument[0m
  [1m[94m--> [0msrc/main.rs:30:54
   [1m[94m|[0m
[1m[94m30[0m [1m[94m|[0m         let bias: Tensor = Tensor::randn(0f32, 1f32, (1), &device)?;
   [1m[94m|[0m                                                      [1m[33m^[0m [1m[33m^[0m
   [1m[94m|[0m
   [1m[94m= [0m[1mnote[0m: `#[warn(unused_parens)]` (part of `#[warn(unused)]`) on by default
[1m[96mhelp[0m: remove these parentheses
   [1m[94m|[0m
[1m[94m30[0m [91m- [0m        let bias: Tensor = Tensor::randn(0f32, 1f32, [91m([0m1[91m)[0m, &device)?;
[1m[94m30[0m [92m+ [0m        let bias: Tensor = Tensor::randn(0f32, 1f32, 1[92m [0m, &device)?;
   [1m[94m|[0m

[1m[33mwarning[0m[1m: unused variable: `reg`[0m
  [1m[94m--> [0msrc/main.rs:62:13
   [1m[94m|[0m
[1m[94m62[0m [1m[94m|[0m         let reg = self.regularization;
   [1m[94m|[0m             [1m[33m^^^[0m [1m[33mhelp: if this is intentional, prefix it with an underscore: `_reg`[0m
   [1m[94m|[0m
   [1m[94m= [0m[1mnote[0m: `#[warn(unused_variables)]` (part of `#[warn(unused)]`) on by default

[1m[33mwarning[0m[1m: unused variable: `lr`[0m
  [1m[94m--> [0msrc/main.rs:63:13
   [1m[94m|[0m
[1m[94m63[0m [1m[94m|[0m         let lr = self.lr;
   [1m[94m|[0m             [1m[33m^^[0m [1m[33mhelp: if this is intentional, prefix it with an underscore: `_lr`[0m

[1m[33mwarning[0m[1m: unused variable: `loss`[0m
  [1m[94m--> [0msrc/main.rs:65:13
   [1m[94m|[0m
[1m[94m65[0m [1m[94m|[0m         let loss = output.sub(labels)?;
   [1m[94m|[0m             [1m[33m^^^^[0m [1m[33mhelp: if this is intentional, prefix it with an underscore: `_loss`[0m

[1m[33mwarning[0m[1m: fields `weights`, `bias`, `device`, `lr`, and `regularization` are never read[0m
  [1m[94m--> [0msrc/main.rs:19:5
   [1m[94m|[0m
[1m[94m18[0m [1m[94m|[0m struct LinearRegression {
   [1m[94m|[0m        [1m[94m----------------[0m [1m[94mfields in this struct[0m
[1m[94m19[0m [1m[94m|[0m     weights: Tensor,
   [1m[94m|[0m     [1m[33m^^^^^^^[0m
[1m[94m20[0m [1m[94m|[0m     bias: Tensor,
   [1m[94m|[0m     [1m[33m^^^^[0m
[1m[94m21[0m [1m[94m|[0m     device: Device,
   [1m[94m|[0m     [1m[33m^^^^^^[0m
[1m[94m22[0m [1m[94m|[0m     lr: f32,
   [1m[94m|[0m     [1m[33m^^[0m
[1m[94m23[0m [1m[94m|[0m     regularization: f32,
   [1m[94m|[0m     [1m[33m^^^^^^^^^^^^^^[0m
   [1m[94m|[0m
   [1m[94m= [0m[1mnote[0m: `#[warn(dead_code)]` (part of `#[warn(unused)]`) on by default

[1m[33mwarning[0m[1m: methods `forward`, `loss`, and `train` are never used[0m
  [1m[94m--> [0msrc/main.rs:43:8
   [1m[94m|[0m
[1m[94m26[0m [1m[94m|[0m impl LinearRegression {
   [1m[94m|[0m [1m[94m---------------------[0m [1m[94mmethods in this implementation[0m
[1m[94m...[0m
[1m[94m43[0m [1m[94m|[0m     fn forward(&self, x: &Tensor) -> Result<Tensor> {
   [1m[94m|[0m        [1m[33m^^^^^^^[0m
[1m[94m...[0m
[1m[94m49[0m [1m[94m|[0m     fn loss(&self, predictions: &Tensor, targets: &Tensor) -> Result<f32> {
   [1m[94m|[0m        [1m[33m^^^^[0m
[1m[94m...[0m
[1m[94m56[0m [1m[94m|[0m     fn train(
   [1m[94m|[0m        [1m[33m^^^^^[0m

[1m[33mwarning[0m[1m: variable `X` should have a snake case name[0m
   [1m[94m--> [0msrc/main.rs:120:13
    [1m[94m|[0m
[1m[94m120[0m [1m[94m|[0m         let X = features.broadcast_sub(&xm)?;
    [1m[94m|[0m             [1m[33m^[0m [1m[33mhelp: convert the identifier to snake case (notice the capitalization): `x`[0m
    [1m[94m|[0m
    [1m[94m= [0m[1mnote[0m: `#[warn(non_snake_case)]` (part of `#[warn(nonstandard_style)]`) on by default

[1m[33mwarning[0m[1m: variable `Y` should have a snake case name[0m
   [1m[94m--> [0msrc/main.rs:121:13
    [1m[94m|[0m
[1m[94m121[0m [1m[94m|[0m         let Y = labels.broadcast_sub(&ym)?;
    [1m[94m|[0m             [1m[33m^[0m [1m[33mhelp: convert the identifier to snake case (notice the capitalization): `y`[0m

[1m[33mwarning[0m[1m: variable `W` should have a snake case name[0m
   [1m[94m--> [0msrc/main.rs:127:13
    [1m[94m|[0m
[1m[94m127[0m [1m[94m|[0m         let W = X.matmul(&X.t()?)?;
    [1m[94m|[0m             [1m[33m^[0m [1m[33mhelp: convert the identifier to snake case (notice the capitalization): `w`[0m

[1m[33mwarning[0m[1m: variable `W` should have a snake case name[0m
   [1m[94m--> [0msrc/main.rs:128:13
    [1m[94m|[0m
[1m[94m128[0m [1m[94m|[0m         let W = invert_tensor(&W)?;
    [1m[94m|[0m             [1m[33m^[0m [1m[33mhelp: convert the identifier to snake case (notice the capitalization): `w`[0m

[1m[33mwarning[0m[1m: variable `W` should have a snake case name[0m
   [1m[94m--> [0msrc/main.rs:129:13
    [1m[94m|[0m
[1m[94m129[0m [1m[94m|[0m         let W = W.matmul(&X)?;
    [1m[94m|[0m             [1m[33m^[0m [1m[33mhelp: convert the identifier to snake case (notice the capitalization): `w`[0m

[1m[33mwarning[0m: `rust-candle-course` (bin "rust-candle-course") generated 12 warnings (run `cargo fix --bin "rust-candle-course" -p rust-candle-course` to apply 5 suggestions)
[1m[92m    Finished[0m `dev` profile [unoptimized + debuginfo] target(s) in 0.12s
[1m[38;5;255m[48;5;240m rust-candle-course [0m[1m[38;5;235m[48;5;204m check [0m[1m[38;5;235m[48;5;11m  12 warnings  [0m
[1m[92m    Checking[0m rust-candle-course v0.1.0 (/Users/stephen/Desktop/rust-candle-course)
[1m[33mwarning[0m[1m: unused import: `D`[0m
 [1m[94m--> [0msrc/main.rs:2:35
  [1m[94m|[0m
[1m[94m2[0m [1m[94m|[0m use candle_core::{Device, Tensor, D};
  [1m[94m|[0m                                   [1m[33m^[0m
  [1m[94m|[0m
  [1m[94m= [0m[1mnote[0m: `#[warn(unused_imports)]` (part of `#[warn(unused)]`) on by default

[1m[33mwarning[0m[1m: unnecessary parentheses around function argument[0m
  [1m[94m--> [0msrc/main.rs:30:54
   [1m[94m|[0m
[1m[94m30[0m [1m[94m|[0m         let bias: Tensor = Tensor::randn(0f32, 1f32, (1), &device)?;
   [1m[94m|[0m                                                      [1m[33m^[0m [1m[33m^[0m
   [1m[94m|[0m
   [1m[94m= [0m[1mnote[0m: `#[warn(unused_parens)]` (part of `#[warn(unused)]`) on by default
[1m[96mhelp[0m: remove these parentheses
   [1m[94m|[0m
[1m[94m30[0m [91m- [0m        let bias: Tensor = Tensor::randn(0f32, 1f32, [91m([0m1[91m)[0m, &device)?;
[1m[94m30[0m [92m+ [0m        let bias: Tensor = Tensor::randn(0f32, 1f32, 1[92m [0m, &device)?;
   [1m[94m|[0m

[1m[33mwarning[0m[1m: unused variable: `reg`[0m
  [1m[94m--> [0msrc/main.rs:62:13
   [1m[94m|[0m
[1m[94m62[0m [1m[94m|[0m         let reg = self.regularization;
   [1m[94m|[0m             [1m[33m^^^[0m [1m[33mhelp: if this is intentional, prefix it with an underscore: `_reg`[0m
   [1m[94m|[0m
   [1m[94m= [0m[1mnote[0m: `#[warn(unused_variables)]` (part of `#[warn(unused)]`) on by default

[1m[33mwarning[0m[1m: unused variable: `lr`[0m
  [1m[94m--> [0msrc/main.rs:63:13
   [1m[94m|[0m
[1m[94m63[0m [1m[94m|[0m         let lr = self.lr;
   [1m[94m|[0m             [1m[33m^^[0m [1m[33mhelp: if this is intentional, prefix it with an underscore: `_lr`[0m

[1m[33mwarning[0m[1m: unused variable: `loss`[0m
  [1m[94m--> [0msrc/main.rs:65:13
   [1m[94m|[0m
[1m[94m65[0m [1m[94m|[0m         let loss = output.sub(labels)?;
   [1m[94m|[0m             [1m[33m^^^^[0m [1m[33mhelp: if this is intentional, prefix it with an underscore: `_loss`[0m

[1m[33mwarning[0m[1m: fields `weights`, `bias`, `device`, `lr`, and `regularization` are never read[0m
  [1m[94m--> [0msrc/main.rs:19:5
   [1m[94m|[0m
[1m[94m18[0m [1m[94m|[0m struct LinearRegression {
   [1m[94m|[0m        [1m[94m----------------[0m [1m[94mfields in this struct[0m
[1m[94m19[0m [1m[94m|[0m     weights: Tensor,
   [1m[94m|[0m     [1m[33m^^^^^^^[0m
[1m[94m20[0m [1m[94m|[0m     bias: Tensor,
   [1m[94m|[0m     [1m[33m^^^^[0m
[1m[94m21[0m [1m[94m|[0m     device: Device,
   [1m[94m|[0m     [1m[33m^^^^^^[0m
[1m[94m22[0m [1m[94m|[0m     lr: f32,
   [1m[94m|[0m     [1m[33m^^[0m
[1m[94m23[0m [1m[94m|[0m     regularization: f32,
   [1m[94m|[0m     [1m[33m^^^^^^^^^^^^^^[0m
   [1m[94m|[0m
   [1m[94m= [0m[1mnote[0m: `#[warn(dead_code)]` (part of `#[warn(unused)]`) on by default

[1m[33mwarning[0m[1m: methods `forward`, `loss`, and `train` are never used[0m
  [1m[94m--> [0msrc/main.rs:43:8
   [1m[94m|[0m
[1m[94m26[0m [1m[94m|[0m impl LinearRegression {
   [1m[94m|[0m [1m[94m---------------------[0m [1m[94mmethods in this implementation[0m
[1m[94m...[0m
[1m[94m43[0m [1m[94m|[0m     fn forward(&self, x: &Tensor) -> Result<Tensor> {
   [1m[94m|[0m        [1m[33m^^^^^^^[0m
[1m[94m...[0m
[1m[94m49[0m [1m[94m|[0m     fn loss(&self, predictions: &Tensor, targets: &Tensor) -> Result<f32> {
   [1m[94m|[0m        [1m[33m^^^^[0m
[1m[94m...[0m
[1m[94m56[0m [1m[94m|[0m     fn train(
   [1m[94m|[0m        [1m[33m^^^^^[0m

[1m[33mwarning[0m[1m: variable `X` should have a snake case name[0m
   [1m[94m--> [0msrc/main.rs:120:13
    [1m[94m|[0m
[1m[94m120[0m [1m[94m|[0m         let X = features.broadcast_sub(&xm)?;
    [1m[94m|[0m             [1m[33m^[0m [1m[33mhelp: convert the identifier to snake case (notice the capitalization): `x`[0m
    [1m[94m|[0m
    [1m[94m= [0m[1mnote[0m: `#[warn(non_snake_case)]` (part of `#[warn(nonstandard_style)]`) on by default

[1m[33mwarning[0m[1m: variable `Y` should have a snake case name[0m
   [1m[94m--> [0msrc/main.rs:121:13
    [1m[94m|[0m
[1m[94m121[0m [1m[94m|[0m         let Y = labels.broadcast_sub(&ym)?;
    [1m[94m|[0m             [1m[33m^[0m [1m[33mhelp: convert the identifier to snake case (notice the capitalization): `y`[0m

[1m[33mwarning[0m[1m: variable `W` should have a snake case name[0m
   [1m[94m--> [0msrc/main.rs:127:13
    [1m[94m|[0m
[1m[94m127[0m [1m[94m|[0m         let W = X.matmul(&X.t()?)?;
    [1m[94m|[0m             [1m[33m^[0m [1m[33mhelp: convert the identifier to snake case (notice the capitalization): `w`[0m

[1m[33mwarning[0m[1m: variable `W` should have a snake case name[0m
   [1m[94m--> [0msrc/main.rs:128:13
    [1m[94m|[0m
[1m[94m128[0m [1m[94m|[0m         let W = invert_tensor(&W)?;
    [1m[94m|[0m             [1m[33m^[0m [1m[33mhelp: convert the identifier to snake case (notice the capitalization): `w`[0m

[1m[33mwarning[0m[1m: variable `W` should have a snake case name[0m
   [1m[94m--> [0msrc/main.rs:129:13
    [1m[94m|[0m
[1m[94m129[0m [1m[94m|[0m         let W = W.matmul(&X)?;
    [1m[94m|[0m             [1m[33m^[0m [1m[33mhelp: convert the identifier to snake case (notice the capitalization): `w`[0m

[1m[33mwarning[0m: `rust-candle-course` (bin "rust-candle-course") generated 12 warnings (run `cargo fix --bin "rust-candle-course" -p rust-candle-course` to apply 5 suggestions)
[1m[92m    Finished[0m `dev` profile [unoptimized + debuginfo] target(s) in 0.13s
[1m[38;5;255m[48;5;240m rust-candle-course [0m[1m[38;5;235m[48;5;204m check [0m[1m[38;5;235m[48;5;11m  12 warnings  [0m
[1m[92m    Checking[0m rust-candle-course v0.1.0 (/Users/stephen/Desktop/rust-candle-course)
[1m[33mwarning[0m[1m: unused import: `D`[0m
 [1m[94m--> [0msrc/main.rs:2:35
  [1m[94m|[0m
[1m[94m2[0m [1m[94m|[0m use candle_core::{Device, Tensor, D};
  [1m[94m|[0m                                   [1m[33m^[0m
  [1m[94m|[0m
  [1m[94m= [0m[1mnote[0m: `#[warn(unused_imports)]` (part of `#[warn(unused)]`) on by default

[1m[33mwarning[0m[1m: unnecessary parentheses around function argument[0m
  [1m[94m--> [0msrc/main.rs:30:54
   [1m[94m|[0m
[1m[94m30[0m [1m[94m|[0m         let bias: Tensor = Tensor::randn(0f32, 1f32, (1), &device)?;
   [1m[94m|[0m                                                      [1m[33m^[0m [1m[33m^[0m
   [1m[94m|[0m
   [1m[94m= [0m[1mnote[0m: `#[warn(unused_parens)]` (part of `#[warn(unused)]`) on by default
[1m[96mhelp[0m: remove these parentheses
   [1m[94m|[0m
[1m[94m30[0m [91m- [0m        let bias: Tensor = Tensor::randn(0f32, 1f32, [91m([0m1[91m)[0m, &device)?;
[1m[94m30[0m [92m+ [0m        let bias: Tensor = Tensor::randn(0f32, 1f32, 1[92m [0m, &device)?;
   [1m[94m|[0m

[1m[33mwarning[0m[1m: unused variable: `reg`[0m
  [1m[94m--> [0msrc/main.rs:62:13
   [1m[94m|[0m
[1m[94m62[0m [1m[94m|[0m         let reg = self.regularization;
   [1m[94m|[0m             [1m[33m^^^[0m [1m[33mhelp: if this is intentional, prefix it with an underscore: `_reg`[0m
   [1m[94m|[0m
   [1m[94m= [0m[1mnote[0m: `#[warn(unused_variables)]` (part of `#[warn(unused)]`) on by default

[1m[33mwarning[0m[1m: unused variable: `lr`[0m
  [1m[94m--> [0msrc/main.rs:63:13
   [1m[94m|[0m
[1m[94m63[0m [1m[94m|[0m         let lr = self.lr;
   [1m[94m|[0m             [1m[33m^^[0m [1m[33mhelp: if this is intentional, prefix it with an underscore: `_lr`[0m

[1m[33mwarning[0m[1m: unused variable: `loss`[0m
  [1m[94m--> [0msrc/main.rs:65:13
   [1m[94m|[0m
[1m[94m65[0m [1m[94m|[0m         let loss = output.sub(labels)?;
   [1m[94m|[0m             [1m[33m^^^^[0m [1m[33mhelp: if this is intentional, prefix it with an underscore: `_loss`[0m

[1m[33mwarning[0m[1m: fields `weights`, `bias`, `device`, `lr`, and `regularization` are never read[0m
  [1m[94m--> [0msrc/main.rs:19:5
   [1m[94m|[0m
[1m[94m18[0m [1m[94m|[0m struct LinearRegression {
   [1m[94m|[0m        [1m[94m----------------[0m [1m[94mfields in this struct[0m
[1m[94m19[0m [1m[94m|[0m     weights: Tensor,
   [1m[94m|[0m     [1m[33m^^^^^^^[0m
[1m[94m20[0m [1m[94m|[0m     bias: Tensor,
   [1m[94m|[0m     [1m[33m^^^^[0m
[1m[94m21[0m [1m[94m|[0m     device: Device,
   [1m[94m|[0m     [1m[33m^^^^^^[0m
[1m[94m22[0m [1m[94m|[0m     lr: f32,
   [1m[94m|[0m     [1m[33m^^[0m
[1m[94m23[0m [1m[94m|[0m     regularization: f32,
   [1m[94m|[0m     [1m[33m^^^^^^^^^^^^^^[0m
   [1m[94m|[0m
   [1m[94m= [0m[1mnote[0m: `#[warn(dead_code)]` (part of `#[warn(unused)]`) on by default

[1m[33mwarning[0m[1m: methods `forward`, `loss`, and `train` are never used[0m
  [1m[94m--> [0msrc/main.rs:43:8
   [1m[94m|[0m
[1m[94m26[0m [1m[94m|[0m impl LinearRegression {
   [1m[94m|[0m [1m[94m---------------------[0m [1m[94mmethods in this implementation[0m
[1m[94m...[0m
[1m[94m43[0m [1m[94m|[0m     fn forward(&self, x: &Tensor) -> Result<Tensor> {
   [1m[94m|[0m        [1m[33m^^^^^^^[0m
[1m[94m...[0m
[1m[94m49[0m [1m[94m|[0m     fn loss(&self, predictions: &Tensor, targets: &Tensor) -> Result<f32> {
   [1m[94m|[0m        [1m[33m^^^^[0m
[1m[94m...[0m
[1m[94m56[0m [1m[94m|[0m     fn train(
   [1m[94m|[0m        [1m[33m^^^^^[0m

[1m[33mwarning[0m[1m: variable `X` should have a snake case name[0m
   [1m[94m--> [0msrc/main.rs:120:13
    [1m[94m|[0m
[1m[94m120[0m [1m[94m|[0m         let X = features.broadcast_sub(&xm)?;
    [1m[94m|[0m             [1m[33m^[0m [1m[33mhelp: convert the identifier to snake case (notice the capitalization): `x`[0m
    [1m[94m|[0m
    [1m[94m= [0m[1mnote[0m: `#[warn(non_snake_case)]` (part of `#[warn(nonstandard_style)]`) on by default

[1m[33mwarning[0m[1m: variable `Y` should have a snake case name[0m
   [1m[94m--> [0msrc/main.rs:121:13
    [1m[94m|[0m
[1m[94m121[0m [1m[94m|[0m         let Y = labels.broadcast_sub(&ym)?;
    [1m[94m|[0m             [1m[33m^[0m [1m[33mhelp: convert the identifier to snake case (notice the capitalization): `y`[0m

[1m[33mwarning[0m[1m: variable `W` should have a snake case name[0m
   [1m[94m--> [0msrc/main.rs:127:13
    [1m[94m|[0m
[1m[94m127[0m [1m[94m|[0m         let W = X.matmul(&X.t()?)?;
    [1m[94m|[0m             [1m[33m^[0m [1m[33mhelp: convert the identifier to snake case (notice the capitalization): `w`[0m

[1m[33mwarning[0m[1m: variable `W` should have a snake case name[0m
   [1m[94m--> [0msrc/main.rs:128:13
    [1m[94m|[0m
[1m[94m128[0m [1m[94m|[0m         let W = invert_tensor(&W)?;
    [1m[94m|[0m             [1m[33m^[0m [1m[33mhelp: convert the identifier to snake case (notice the capitalization): `w`[0m

[1m[33mwarning[0m[1m: variable `W` should have a snake case name[0m
   [1m[94m--> [0msrc/main.rs:129:13
    [1m[94m|[0m
[1m[94m129[0m [1m[94m|[0m         let W = W.matmul(&X)?;
    [1m[94m|[0m             [1m[33m^[0m [1m[33mhelp: convert the identifier to snake case (notice the capitalization): `w`[0m

[1m[33mwarning[0m: `rust-candle-course` (bin "rust-candle-course") generated 12 warnings (run `cargo fix --bin "rust-candle-course" -p rust-candle-course` to apply 5 suggestions)
[1m[92m    Finished[0m `dev` profile [unoptimized + debuginfo] target(s) in 0.13s
[1m[38;5;255m[48;5;240m rust-candle-course [0m[1m[38;5;235m[48;5;204m check [0m[1m[38;5;235m[48;5;11m  12 warnings  [0m
[1m[92m    Checking[0m rust-candle-course v0.1.0 (/Users/stephen/Desktop/rust-candle-course)
[1m[33mwarning[0m[1m: unused import: `D`[0m
 [1m[94m--> [0msrc/main.rs:2:35
  [1m[94m|[0m
[1m[94m2[0m [1m[94m|[0m use candle_core::{Device, Tensor, D};
  [1m[94m|[0m                                   [1m[33m^[0m
  [1m[94m|[0m
  [1m[94m= [0m[1mnote[0m: `#[warn(unused_imports)]` (part of `#[warn(unused)]`) on by default

[1m[33mwarning[0m[1m: unnecessary parentheses around function argument[0m
  [1m[94m--> [0msrc/main.rs:30:54
   [1m[94m|[0m
[1m[94m30[0m [1m[94m|[0m         let bias: Tensor = Tensor::randn(0f32, 1f32, (1), &device)?;
   [1m[94m|[0m                                                      [1m[33m^[0m [1m[33m^[0m
   [1m[94m|[0m
   [1m[94m= [0m[1mnote[0m: `#[warn(unused_parens)]` (part of `#[warn(unused)]`) on by default
[1m[96mhelp[0m: remove these parentheses
   [1m[94m|[0m
[1m[94m30[0m [91m- [0m        let bias: Tensor = Tensor::randn(0f32, 1f32, [91m([0m1[91m)[0m, &device)?;
[1m[94m30[0m [92m+ [0m        let bias: Tensor = Tensor::randn(0f32, 1f32, 1[92m [0m, &device)?;
   [1m[94m|[0m

[1m[33mwarning[0m[1m: unused variable: `reg`[0m
  [1m[94m--> [0msrc/main.rs:62:13
   [1m[94m|[0m
[1m[94m62[0m [1m[94m|[0m         let reg = self.regularization;
   [1m[94m|[0m             [1m[33m^^^[0m [1m[33mhelp: if this is intentional, prefix it with an underscore: `_reg`[0m
   [1m[94m|[0m
   [1m[94m= [0m[1mnote[0m: `#[warn(unused_variables)]` (part of `#[warn(unused)]`) on by default

[1m[33mwarning[0m[1m: unused variable: `lr`[0m
  [1m[94m--> [0msrc/main.rs:63:13
   [1m[94m|[0m
[1m[94m63[0m [1m[94m|[0m         let lr = self.lr;
   [1m[94m|[0m             [1m[33m^^[0m [1m[33mhelp: if this is intentional, prefix it with an underscore: `_lr`[0m

[1m[33mwarning[0m[1m: unused variable: `loss`[0m
  [1m[94m--> [0msrc/main.rs:65:13
   [1m[94m|[0m
[1m[94m65[0m [1m[94m|[0m         let loss = output.sub(labels)?;
   [1m[94m|[0m             [1m[33m^^^^[0m [1m[33mhelp: if this is intentional, prefix it with an underscore: `_loss`[0m

[1m[33mwarning[0m[1m: fields `weights`, `bias`, `device`, `lr`, and `regularization` are never read[0m
  [1m[94m--> [0msrc/main.rs:19:5
   [1m[94m|[0m
[1m[94m18[0m [1m[94m|[0m struct LinearRegression {
   [1m[94m|[0m        [1m[94m----------------[0m [1m[94mfields in this struct[0m
[1m[94m19[0m [1m[94m|[0m     weights: Tensor,
   [1m[94m|[0m     [1m[33m^^^^^^^[0m
[1m[94m20[0m [1m[94m|[0m     bias: Tensor,
   [1m[94m|[0m     [1m[33m^^^^[0m
[1m[94m21[0m [1m[94m|[0m     device: Device,
   [1m[94m|[0m     [1m[33m^^^^^^[0m
[1m[94m22[0m [1m[94m|[0m     lr: f32,
   [1m[94m|[0m     [1m[33m^^[0m
[1m[94m23[0m [1m[94m|[0m     regularization: f32,
   [1m[94m|[0m     [1m[33m^^^^^^^^^^^^^^[0m
   [1m[94m|[0m
   [1m[94m= [0m[1mnote[0m: `#[warn(dead_code)]` (part of `#[warn(unused)]`) on by default

[1m[33mwarning[0m[1m: methods `forward`, `loss`, and `train` are never used[0m
  [1m[94m--> [0msrc/main.rs:43:8
   [1m[94m|[0m
[1m[94m26[0m [1m[94m|[0m impl LinearRegression {
   [1m[94m|[0m [1m[94m---------------------[0m [1m[94mmethods in this implementation[0m
[1m[94m...[0m
[1m[94m43[0m [1m[94m|[0m     fn forward(&self, x: &Tensor) -> Result<Tensor> {
   [1m[94m|[0m        [1m[33m^^^^^^^[0m
[1m[94m...[0m
[1m[94m49[0m [1m[94m|[0m     fn loss(&self, predictions: &Tensor, targets: &Tensor) -> Result<f32> {
   [1m[94m|[0m        [1m[33m^^^^[0m
[1m[94m...[0m
[1m[94m56[0m [1m[94m|[0m     fn train(
   [1m[94m|[0m        [1m[33m^^^^^[0m

[1m[33mwarning[0m[1m: variable `X` should have a snake case name[0m
   [1m[94m--> [0msrc/main.rs:120:13
    [1m[94m|[0m
[1m[94m120[0m [1m[94m|[0m         let X = features.broadcast_sub(&xm)?;
    [1m[94m|[0m             [1m[33m^[0m [1m[33mhelp: convert the identifier to snake case (notice the capitalization): `x`[0m
    [1m[94m|[0m
    [1m[94m= [0m[1mnote[0m: `#[warn(non_snake_case)]` (part of `#[warn(nonstandard_style)]`) on by default

[1m[33mwarning[0m[1m: variable `Y` should have a snake case name[0m
   [1m[94m--> [0msrc/main.rs:121:13
    [1m[94m|[0m
[1m[94m121[0m [1m[94m|[0m         let Y = labels.broadcast_sub(&ym)?;
    [1m[94m|[0m             [1m[33m^[0m [1m[33mhelp: convert the identifier to snake case (notice the capitalization): `y`[0m

[1m[33mwarning[0m[1m: variable `W` should have a snake case name[0m
   [1m[94m--> [0msrc/main.rs:127:13
    [1m[94m|[0m
[1m[94m127[0m [1m[94m|[0m         let W = X.matmul(&X.t()?)?;
    [1m[94m|[0m             [1m[33m^[0m [1m[33mhelp: convert the identifier to snake case (notice the capitalization): `w`[0m

[1m[33mwarning[0m[1m: variable `W` should have a snake case name[0m
   [1m[94m--> [0msrc/main.rs:128:13
    [1m[94m|[0m
[1m[94m128[0m [1m[94m|[0m         let W = invert_tensor(&W)?;
    [1m[94m|[0m             [1m[33m^[0m [1m[33mhelp: convert the identifier to snake case (notice the capitalization): `w`[0m

[1m[33mwarning[0m[1m: variable `W` should have a snake case name[0m
   [1m[94m--> [0msrc/main.rs:129:13
    [1m[94m|[0m
[1m[94m129[0m [1m[94m|[0m         let W = W.matmul(&X)?;
    [1m[94m|[0m             [1m[33m^[0m [1m[33mhelp: convert the identifier to snake case (notice the capitalization): `w`[0m

[1m[33mwarning[0m: `rust-candle-course` (bin "rust-candle-course") generated 12 warnings (run `cargo fix --bin "rust-candle-course" -p rust-candle-course` to apply 5 suggestions)
[1m[92m    Finished[0m `dev` profile [unoptimized + debuginfo] target(s) in 0.12s
[1m[38;5;255m[48;5;240m rust-candle-course [0m[1m[38;5;235m[48;5;204m check [0m[1m[38;5;235m[48;5;11m  12 warnings  [0m
[1m[92m    Checking[0m rust-candle-course v0.1.0 (/Users/stephen/Desktop/rust-candle-course)
[1m[33mwarning[0m[1m: unused import: `D`[0m
 [1m[94m--> [0msrc/main.rs:2:35
  [1m[94m|[0m
[1m[94m2[0m [1m[94m|[0m use candle_core::{Device, Tensor, D};
  [1m[94m|[0m                                   [1m[33m^[0m
  [1m[94m|[0m
  [1m[94m= [0m[1mnote[0m: `#[warn(unused_imports)]` (part of `#[warn(unused)]`) on by default

[1m[33mwarning[0m[1m: unnecessary parentheses around function argument[0m
  [1m[94m--> [0msrc/main.rs:30:54
   [1m[94m|[0m
[1m[94m30[0m [1m[94m|[0m         let bias: Tensor = Tensor::randn(0f32, 1f32, (1), &device)?;
   [1m[94m|[0m                                                      [1m[33m^[0m [1m[33m^[0m
   [1m[94m|[0m
   [1m[94m= [0m[1mnote[0m: `#[warn(unused_parens)]` (part of `#[warn(unused)]`) on by default
[1m[96mhelp[0m: remove these parentheses
   [1m[94m|[0m
[1m[94m30[0m [91m- [0m        let bias: Tensor = Tensor::randn(0f32, 1f32, [91m([0m1[91m)[0m, &device)?;
[1m[94m30[0m [92m+ [0m        let bias: Tensor = Tensor::randn(0f32, 1f32, 1[92m [0m, &device)?;
   [1m[94m|[0m

[1m[33mwarning[0m[1m: unused variable: `reg`[0m
  [1m[94m--> [0msrc/main.rs:62:13
   [1m[94m|[0m
[1m[94m62[0m [1m[94m|[0m         let reg = self.regularization;
   [1m[94m|[0m             [1m[33m^^^[0m [1m[33mhelp: if this is intentional, prefix it with an underscore: `_reg`[0m
   [1m[94m|[0m
   [1m[94m= [0m[1mnote[0m: `#[warn(unused_variables)]` (part of `#[warn(unused)]`) on by default

[1m[33mwarning[0m[1m: unused variable: `lr`[0m
  [1m[94m--> [0msrc/main.rs:63:13
   [1m[94m|[0m
[1m[94m63[0m [1m[94m|[0m         let lr = self.lr;
   [1m[94m|[0m             [1m[33m^^[0m [1m[33mhelp: if this is intentional, prefix it with an underscore: `_lr`[0m

[1m[33mwarning[0m[1m: unused variable: `loss`[0m
  [1m[94m--> [0msrc/main.rs:65:13
   [1m[94m|[0m
[1m[94m65[0m [1m[94m|[0m         let loss = output.sub(labels)?;
   [1m[94m|[0m             [1m[33m^^^^[0m [1m[33mhelp: if this is intentional, prefix it with an underscore: `_loss`[0m

[1m[33mwarning[0m[1m: fields `weights`, `bias`, `device`, `lr`, and `regularization` are never read[0m
  [1m[94m--> [0msrc/main.rs:19:5
   [1m[94m|[0m
[1m[94m18[0m [1m[94m|[0m struct LinearRegression {
   [1m[94m|[0m        [1m[94m----------------[0m [1m[94mfields in this struct[0m
[1m[94m19[0m [1m[94m|[0m     weights: Tensor,
   [1m[94m|[0m     [1m[33m^^^^^^^[0m
[1m[94m20[0m [1m[94m|[0m     bias: Tensor,
   [1m[94m|[0m     [1m[33m^^^^[0m
[1m[94m21[0m [1m[94m|[0m     device: Device,
   [1m[94m|[0m     [1m[33m^^^^^^[0m
[1m[94m22[0m [1m[94m|[0m     lr: f32,
   [1m[94m|[0m     [1m[33m^^[0m
[1m[94m23[0m [1m[94m|[0m     regularization: f32,
   [1m[94m|[0m     [1m[33m^^^^^^^^^^^^^^[0m
   [1m[94m|[0m
   [1m[94m= [0m[1mnote[0m: `#[warn(dead_code)]` (part of `#[warn(unused)]`) on by default

[1m[33mwarning[0m[1m: methods `forward`, `loss`, and `train` are never used[0m
  [1m[94m--> [0msrc/main.rs:43:8
   [1m[94m|[0m
[1m[94m26[0m [1m[94m|[0m impl LinearRegression {
   [1m[94m|[0m [1m[94m---------------------[0m [1m[94mmethods in this implementation[0m
[1m[94m...[0m
[1m[94m43[0m [1m[94m|[0m     fn forward(&self, x: &Tensor) -> Result<Tensor> {
   [1m[94m|[0m        [1m[33m^^^^^^^[0m
[1m[94m...[0m
[1m[94m49[0m [1m[94m|[0m     fn loss(&self, predictions: &Tensor, targets: &Tensor) -> Result<f32> {
   [1m[94m|[0m        [1m[33m^^^^[0m
[1m[94m...[0m
[1m[94m56[0m [1m[94m|[0m     fn train(
   [1m[94m|[0m        [1m[33m^^^^^[0m

[1m[33mwarning[0m[1m: variable `X` should have a snake case name[0m
   [1m[94m--> [0msrc/main.rs:120:13
    [1m[94m|[0m
[1m[94m120[0m [1m[94m|[0m         let X = features.broadcast_sub(&xm)?;
    [1m[94m|[0m             [1m[33m^[0m [1m[33mhelp: convert the identifier to snake case (notice the capitalization): `x`[0m
    [1m[94m|[0m
    [1m[94m= [0m[1mnote[0m: `#[warn(non_snake_case)]` (part of `#[warn(nonstandard_style)]`) on by default

[1m[33mwarning[0m[1m: variable `Y` should have a snake case name[0m
   [1m[94m--> [0msrc/main.rs:121:13
    [1m[94m|[0m
[1m[94m121[0m [1m[94m|[0m         let Y = labels.broadcast_sub(&ym)?;
    [1m[94m|[0m             [1m[33m^[0m [1m[33mhelp: convert the identifier to snake case (notice the capitalization): `y`[0m

[1m[33mwarning[0m[1m: variable `W` should have a snake case name[0m
   [1m[94m--> [0msrc/main.rs:127:13
    [1m[94m|[0m
[1m[94m127[0m [1m[94m|[0m         let W = X.matmul(&X.t()?)?;
    [1m[94m|[0m             [1m[33m^[0m [1m[33mhelp: convert the identifier to snake case (notice the capitalization): `w`[0m

[1m[33mwarning[0m[1m: variable `W` should have a snake case name[0m
   [1m[94m--> [0msrc/main.rs:128:13
    [1m[94m|[0m
[1m[94m128[0m [1m[94m|[0m         let W = invert_tensor(&W)?;
    [1m[94m|[0m             [1m[33m^[0m [1m[33mhelp: convert the identifier to snake case (notice the capitalization): `w`[0m

[1m[33mwarning[0m[1m: variable `W` should have a snake case name[0m
   [1m[94m--> [0msrc/main.rs:129:13
    [1m[94m|[0m
[1m[94m129[0m [1m[94m|[0m         let W = W.matmul(&X)?;
    [1m[94m|[0m             [1m[33m^[0m [1m[33mhelp: convert the identifier to snake case (notice the capitalization): `w`[0m

[1m[33mwarning[0m: `rust-candle-course` (bin "rust-candle-course") generated 12 warnings (run `cargo fix --bin "rust-candle-course" -p rust-candle-course` to apply 5 suggestions)
[1m[92m    Finished[0m `dev` profile [unoptimized + debuginfo] target(s) in 0.12s
[1m[38;5;255m[48;5;240m rust-candle-course [0m[1m[38;5;235m[48;5;204m check [0m[1m[38;5;235m[48;5;11m  12 warnings  [0m
[1m[92m    Checking[0m rust-candle-course v0.1.0 (/Users/stephen/Desktop/rust-candle-course)
[1m[33mwarning[0m[1m: unused import: `D`[0m
 [1m[94m--> [0msrc/main.rs:2:35
  [1m[94m|[0m
[1m[94m2[0m [1m[94m|[0m use candle_core::{Device, Tensor, D};
  [1m[94m|[0m                                   [1m[33m^[0m
  [1m[94m|[0m
  [1m[94m= [0m[1mnote[0m: `#[warn(unused_imports)]` (part of `#[warn(unused)]`) on by default

[1m[33mwarning[0m[1m: unnecessary parentheses around function argument[0m
  [1m[94m--> [0msrc/main.rs:30:54
   [1m[94m|[0m
[1m[94m30[0m [1m[94m|[0m         let bias: Tensor = Tensor::randn(0f32, 1f32, (1), &device)?;
   [1m[94m|[0m                                                      [1m[33m^[0m [1m[33m^[0m
   [1m[94m|[0m
   [1m[94m= [0m[1mnote[0m: `#[warn(unused_parens)]` (part of `#[warn(unused)]`) on by default
[1m[96mhelp[0m: remove these parentheses
   [1m[94m|[0m
[1m[94m30[0m [91m- [0m        let bias: Tensor = Tensor::randn(0f32, 1f32, [91m([0m1[91m)[0m, &device)?;
[1m[94m30[0m [92m+ [0m        let bias: Tensor = Tensor::randn(0f32, 1f32, 1[92m [0m, &device)?;
   [1m[94m|[0m

[1m[91merror[E0277][0m[1m: the trait bound `usize: std::ops::Neg` is not satisfied[0m
   [1m[94m--> [0msrc/main.rs:133:39
    [1m[94m|[0m
[1m[94m133[0m [1m[94m|[0m         println!("Y: {}", Y.unsqueeze(-1)?);
    [1m[94m|[0m                                       [1m[91m^^[0m [1m[91mthe trait `std::ops::Neg` is not implemented for `usize`[0m
    [1m[94m|[0m
[1m[96mhelp[0m: consider specifying an integer type that can be negative
    [1m[94m|[0m
[1m[94m133[0m [1m[94m| [0m        println!("Y: {}", Y.unsqueeze(-1[92misize[0m)?);
    [1m[94m|[0m                                         [92m+++++[0m

[1m[33mwarning[0m[1m: unused variable: `reg`[0m
  [1m[94m--> [0msrc/main.rs:62:13
   [1m[94m|[0m
[1m[94m62[0m [1m[94m|[0m         let reg = self.regularization;
   [1m[94m|[0m             [1m[33m^^^[0m [1m[33mhelp: if this is intentional, prefix it with an underscore: `_reg`[0m
   [1m[94m|[0m
   [1m[94m= [0m[1mnote[0m: `#[warn(unused_variables)]` (part of `#[warn(unused)]`) on by default

[1m[33mwarning[0m[1m: unused variable: `lr`[0m
  [1m[94m--> [0msrc/main.rs:63:13
   [1m[94m|[0m
[1m[94m63[0m [1m[94m|[0m         let lr = self.lr;
   [1m[94m|[0m             [1m[33m^^[0m [1m[33mhelp: if this is intentional, prefix it with an underscore: `_lr`[0m

[1m[33mwarning[0m[1m: unused variable: `loss`[0m
  [1m[94m--> [0msrc/main.rs:65:13
   [1m[94m|[0m
[1m[94m65[0m [1m[94m|[0m         let loss = output.sub(labels)?;
   [1m[94m|[0m             [1m[33m^^^^[0m [1m[33mhelp: if this is intentional, prefix it with an underscore: `_loss`[0m

[1mFor more information about this error, try `rustc --explain E0277`.[0m
[1m[33mwarning[0m: `rust-candle-course` (bin "rust-candle-course") generated 5 warnings
[1m[91merror[0m: could not compile `rust-candle-course` (bin "rust-candle-course") due to 1 previous error; 5 warnings emitted
[1m[38;5;255m[48;5;240m rust-candle-course [0m[1m[38;5;235m[48;5;204m check [0m[1m[38;5;235m[48;5;9m  1 error  [0m[1m[38;5;235m[48;5;11m  5 warnings  [0m
[1m[92m    Checking[0m rust-candle-course v0.1.0 (/Users/stephen/Desktop/rust-candle-course)
[1m[33mwarning[0m[1m: unused import: `D`[0m
 [1m[94m--> [0msrc/main.rs:2:35
  [1m[94m|[0m
[1m[94m2[0m [1m[94m|[0m use candle_core::{Device, Tensor, D};
  [1m[94m|[0m                                   [1m[33m^[0m
  [1m[94m|[0m
  [1m[94m= [0m[1mnote[0m: `#[warn(unused_imports)]` (part of `#[warn(unused)]`) on by default

[1m[33mwarning[0m[1m: unnecessary parentheses around function argument[0m
  [1m[94m--> [0msrc/main.rs:30:54
   [1m[94m|[0m
[1m[94m30[0m [1m[94m|[0m         let bias: Tensor = Tensor::randn(0f32, 1f32, (1), &device)?;
   [1m[94m|[0m                                                      [1m[33m^[0m [1m[33m^[0m
   [1m[94m|[0m
   [1m[94m= [0m[1mnote[0m: `#[warn(unused_parens)]` (part of `#[warn(unused)]`) on by default
[1m[96mhelp[0m: remove these parentheses
   [1m[94m|[0m
[1m[94m30[0m [91m- [0m        let bias: Tensor = Tensor::randn(0f32, 1f32, [91m([0m1[91m)[0m, &device)?;
[1m[94m30[0m [92m+ [0m        let bias: Tensor = Tensor::randn(0f32, 1f32, 1[92m [0m, &device)?;
   [1m[94m|[0m

[1m[91merror[E0277][0m[1m: the trait bound `usize: std::ops::Neg` is not satisfied[0m
   [1m[94m--> [0msrc/main.rs:133:39
    [1m[94m|[0m
[1m[94m133[0m [1m[94m|[0m         println!("Y: {}", Y.unsqueeze(-1)?);
    [1m[94m|[0m                                       [1m[91m^^[0m [1m[91mthe trait `std::ops::Neg` is not implemented for `usize`[0m
    [1m[94m|[0m
[1m[96mhelp[0m: consider specifying an integer type that can be negative
    [1m[94m|[0m
[1m[94m133[0m [1m[94m| [0m        println!("Y: {}", Y.unsqueeze(-1[92misize[0m)?);
    [1m[94m|[0m                                         [92m+++++[0m

[1m[33mwarning[0m[1m: unused variable: `reg`[0m
  [1m[94m--> [0msrc/main.rs:62:13
   [1m[94m|[0m
[1m[94m62[0m [1m[94m|[0m         let reg = self.regularization;
   [1m[94m|[0m             [1m[33m^^^[0m [1m[33mhelp: if this is intentional, prefix it with an underscore: `_reg`[0m
   [1m[94m|[0m
   [1m[94m= [0m[1mnote[0m: `#[warn(unused_variables)]` (part of `#[warn(unused)]`) on by default

[1m[33mwarning[0m[1m: unused variable: `lr`[0m
  [1m[94m--> [0msrc/main.rs:63:13
   [1m[94m|[0m
[1m[94m63[0m [1m[94m|[0m         let lr = self.lr;
   [1m[94m|[0m             [1m[33m^^[0m [1m[33mhelp: if this is intentional, prefix it with an underscore: `_lr`[0m

[1m[33mwarning[0m[1m: unused variable: `loss`[0m
  [1m[94m--> [0msrc/main.rs:65:13
   [1m[94m|[0m
[1m[94m65[0m [1m[94m|[0m         let loss = output.sub(labels)?;
   [1m[94m|[0m             [1m[33m^^^^[0m [1m[33mhelp: if this is intentional, prefix it with an underscore: `_loss`[0m

[1mFor more information about this error, try `rustc --explain E0277`.[0m
[1m[33mwarning[0m: `rust-candle-course` (bin "rust-candle-course") generated 5 warnings
[1m[91merror[0m: could not compile `rust-candle-course` (bin "rust-candle-course") due to 1 previous error; 5 warnings emitted
[1m[38;5;255m[48;5;240m rust-candle-course [0m[1m[38;5;235m[48;5;204m check [0m[1m[38;5;235m[48;5;9m  1 error  [0m[1m[38;5;235m[48;5;11m  5 warnings  [0m
[1m[92m    Checking[0m rust-candle-course v0.1.0 (/Users/stephen/Desktop/rust-candle-course)
[1m[33mwarning[0m[1m: unused import: `D`[0m
 [1m[94m--> [0msrc/main.rs:2:35
  [1m[94m|[0m
[1m[94m2[0m [1m[94m|[0m use candle_core::{Device, Tensor, D};
  [1m[94m|[0m                                   [1m[33m^[0m
  [1m[94m|[0m
  [1m[94m= [0m[1mnote[0m: `#[warn(unused_imports)]` (part of `#[warn(unused)]`) on by default

[1m[33mwarning[0m[1m: unnecessary parentheses around function argument[0m
  [1m[94m--> [0msrc/main.rs:30:54
   [1m[94m|[0m
[1m[94m30[0m [1m[94m|[0m         let bias: Tensor = Tensor::randn(0f32, 1f32, (1), &device)?;
   [1m[94m|[0m                                                      [1m[33m^[0m [1m[33m^[0m
   [1m[94m|[0m
   [1m[94m= [0m[1mnote[0m: `#[warn(unused_parens)]` (part of `#[warn(unused)]`) on by default
[1m[96mhelp[0m: remove these parentheses
   [1m[94m|[0m
[1m[94m30[0m [91m- [0m        let bias: Tensor = Tensor::randn(0f32, 1f32, [91m([0m1[91m)[0m, &device)?;
[1m[94m30[0m [92m+ [0m        let bias: Tensor = Tensor::randn(0f32, 1f32, 1[92m [0m, &device)?;
   [1m[94m|[0m

[1m[91merror[E0277][0m[1m: the trait bound `usize: std::ops::Neg` is not satisfied[0m
   [1m[94m--> [0msrc/main.rs:133:39
    [1m[94m|[0m
[1m[94m133[0m [1m[94m|[0m         println!("Y: {}", Y.unsqueeze(-1)?);
    [1m[94m|[0m                                       [1m[91m^^[0m [1m[91mthe trait `std::ops::Neg` is not implemented for `usize`[0m
    [1m[94m|[0m
[1m[96mhelp[0m: consider specifying an integer type that can be negative
    [1m[94m|[0m
[1m[94m133[0m [1m[94m| [0m        println!("Y: {}", Y.unsqueeze(-1[92misize[0m)?);
    [1m[94m|[0m                                         [92m+++++[0m

[1m[33mwarning[0m[1m: unused variable: `reg`[0m
  [1m[94m--> [0msrc/main.rs:62:13
   [1m[94m|[0m
[1m[94m62[0m [1m[94m|[0m         let reg = self.regularization;
   [1m[94m|[0m             [1m[33m^^^[0m [1m[33mhelp: if this is intentional, prefix it with an underscore: `_reg`[0m
   [1m[94m|[0m
   [1m[94m= [0m[1mnote[0m: `#[warn(unused_variables)]` (part of `#[warn(unused)]`) on by default

[1m[33mwarning[0m[1m: unused variable: `lr`[0m
  [1m[94m--> [0msrc/main.rs:63:13
   [1m[94m|[0m
[1m[94m63[0m [1m[94m|[0m         let lr = self.lr;
   [1m[94m|[0m             [1m[33m^^[0m [1m[33mhelp: if this is intentional, prefix it with an underscore: `_lr`[0m

[1m[33mwarning[0m[1m: unused variable: `loss`[0m
  [1m[94m--> [0msrc/main.rs:65:13
   [1m[94m|[0m
[1m[94m65[0m [1m[94m|[0m         let loss = output.sub(labels)?;
   [1m[94m|[0m             [1m[33m^^^^[0m [1m[33mhelp: if this is intentional, prefix it with an underscore: `_loss`[0m

[1mFor more information about this error, try `rustc --explain E0277`.[0m
[1m[33mwarning[0m: `rust-candle-course` (bin "rust-candle-course") generated 5 warnings
[1m[91merror[0m: could not compile `rust-candle-course` (bin "rust-candle-course") due to 1 previous error; 5 warnings emitted
[1m[38;5;255m[48;5;240m rust-candle-course [0m[1m[38;5;235m[48;5;204m check [0m[1m[38;5;235m[48;5;9m  1 error  [0m[1m[38;5;235m[48;5;11m  5 warnings  [0m
[1m[92m    Checking[0m rust-candle-course v0.1.0 (/Users/stephen/Desktop/rust-candle-course)
[1m[33mwarning[0m[1m: unused import: `D`[0m
 [1m[94m--> [0msrc/main.rs:2:35
  [1m[94m|[0m
[1m[94m2[0m [1m[94m|[0m use candle_core::{Device, Tensor, D};
  [1m[94m|[0m                                   [1m[33m^[0m
  [1m[94m|[0m
  [1m[94m= [0m[1mnote[0m: `#[warn(unused_imports)]` (part of `#[warn(unused)]`) on by default

[1m[33mwarning[0m[1m: unnecessary parentheses around function argument[0m
  [1m[94m--> [0msrc/main.rs:30:54
   [1m[94m|[0m
[1m[94m30[0m [1m[94m|[0m         let bias: Tensor = Tensor::randn(0f32, 1f32, (1), &device)?;
   [1m[94m|[0m                                                      [1m[33m^[0m [1m[33m^[0m
   [1m[94m|[0m
   [1m[94m= [0m[1mnote[0m: `#[warn(unused_parens)]` (part of `#[warn(unused)]`) on by default
[1m[96mhelp[0m: remove these parentheses
   [1m[94m|[0m
[1m[94m30[0m [91m- [0m        let bias: Tensor = Tensor::randn(0f32, 1f32, [91m([0m1[91m)[0m, &device)?;
[1m[94m30[0m [92m+ [0m        let bias: Tensor = Tensor::randn(0f32, 1f32, 1[92m [0m, &device)?;
   [1m[94m|[0m

[1m[33mwarning[0m[1m: unused variable: `reg`[0m
  [1m[94m--> [0msrc/main.rs:62:13
   [1m[94m|[0m
[1m[94m62[0m [1m[94m|[0m         let reg = self.regularization;
   [1m[94m|[0m             [1m[33m^^^[0m [1m[33mhelp: if this is intentional, prefix it with an underscore: `_reg`[0m
   [1m[94m|[0m
   [1m[94m= [0m[1mnote[0m: `#[warn(unused_variables)]` (part of `#[warn(unused)]`) on by default

[1m[33mwarning[0m[1m: unused variable: `lr`[0m
  [1m[94m--> [0msrc/main.rs:63:13
   [1m[94m|[0m
[1m[94m63[0m [1m[94m|[0m         let lr = self.lr;
   [1m[94m|[0m             [1m[33m^^[0m [1m[33mhelp: if this is intentional, prefix it with an underscore: `_lr`[0m

[1m[33mwarning[0m[1m: unused variable: `loss`[0m
  [1m[94m--> [0msrc/main.rs:65:13
   [1m[94m|[0m
[1m[94m65[0m [1m[94m|[0m         let loss = output.sub(labels)?;
   [1m[94m|[0m             [1m[33m^^^^[0m [1m[33mhelp: if this is intentional, prefix it with an underscore: `_loss`[0m

[1m[33mwarning[0m[1m: fields `weights`, `bias`, `device`, `lr`, and `regularization` are never read[0m
  [1m[94m--> [0msrc/main.rs:19:5
   [1m[94m|[0m
[1m[94m18[0m [1m[94m|[0m struct LinearRegression {
   [1m[94m|[0m        [1m[94m----------------[0m [1m[94mfields in this struct[0m
[1m[94m19[0m [1m[94m|[0m     weights: Tensor,
   [1m[94m|[0m     [1m[33m^^^^^^^[0m
[1m[94m20[0m [1m[94m|[0m     bias: Tensor,
   [1m[94m|[0m     [1m[33m^^^^[0m
[1m[94m21[0m [1m[94m|[0m     device: Device,
   [1m[94m|[0m     [1m[33m^^^^^^[0m
[1m[94m22[0m [1m[94m|[0m     lr: f32,
   [1m[94m|[0m     [1m[33m^^[0m
[1m[94m23[0m [1m[94m|[0m     regularization: f32,
   [1m[94m|[0m     [1m[33m^^^^^^^^^^^^^^[0m
   [1m[94m|[0m
   [1m[94m= [0m[1mnote[0m: `#[warn(dead_code)]` (part of `#[warn(unused)]`) on by default

[1m[33mwarning[0m[1m: methods `forward`, `loss`, and `train` are never used[0m
  [1m[94m--> [0msrc/main.rs:43:8
   [1m[94m|[0m
[1m[94m26[0m [1m[94m|[0m impl LinearRegression {
   [1m[94m|[0m [1m[94m---------------------[0m [1m[94mmethods in this implementation[0m
[1m[94m...[0m
[1m[94m43[0m [1m[94m|[0m     fn forward(&self, x: &Tensor) -> Result<Tensor> {
   [1m[94m|[0m        [1m[33m^^^^^^^[0m
[1m[94m...[0m
[1m[94m49[0m [1m[94m|[0m     fn loss(&self, predictions: &Tensor, targets: &Tensor) -> Result<f32> {
   [1m[94m|[0m        [1m[33m^^^^[0m
[1m[94m...[0m
[1m[94m56[0m [1m[94m|[0m     fn train(
   [1m[94m|[0m        [1m[33m^^^^^[0m

[1m[33mwarning[0m[1m: variable `X` should have a snake case name[0m
   [1m[94m--> [0msrc/main.rs:120:13
    [1m[94m|[0m
[1m[94m120[0m [1m[94m|[0m         let X = features.broadcast_sub(&xm)?;
    [1m[94m|[0m             [1m[33m^[0m [1m[33mhelp: convert the identifier to snake case (notice the capitalization): `x`[0m
    [1m[94m|[0m
    [1m[94m= [0m[1mnote[0m: `#[warn(non_snake_case)]` (part of `#[warn(nonstandard_style)]`) on by default

[1m[33mwarning[0m[1m: variable `Y` should have a snake case name[0m
   [1m[94m--> [0msrc/main.rs:121:13
    [1m[94m|[0m
[1m[94m121[0m [1m[94m|[0m         let Y = labels.broadcast_sub(&ym)?;
    [1m[94m|[0m             [1m[33m^[0m [1m[33mhelp: convert the identifier to snake case (notice the capitalization): `y`[0m

[1m[33mwarning[0m[1m: variable `W` should have a snake case name[0m
   [1m[94m--> [0msrc/main.rs:127:13
    [1m[94m|[0m
[1m[94m127[0m [1m[94m|[0m         let W = X.matmul(&X.t()?)?;
    [1m[94m|[0m             [1m[33m^[0m [1m[33mhelp: convert the identifier to snake case (notice the capitalization): `w`[0m

[1m[33mwarning[0m[1m: variable `W` should have a snake case name[0m
   [1m[94m--> [0msrc/main.rs:128:13
    [1m[94m|[0m
[1m[94m128[0m [1m[94m|[0m         let W = invert_tensor(&W)?;
    [1m[94m|[0m             [1m[33m^[0m [1m[33mhelp: convert the identifier to snake case (notice the capitalization): `w`[0m

[1m[33mwarning[0m[1m: variable `W` should have a snake case name[0m
   [1m[94m--> [0msrc/main.rs:129:13
    [1m[94m|[0m
[1m[94m129[0m [1m[94m|[0m         let W = W.matmul(&X)?;
    [1m[94m|[0m             [1m[33m^[0m [1m[33mhelp: convert the identifier to snake case (notice the capitalization): `w`[0m

[1m[33mwarning[0m: `rust-candle-course` (bin "rust-candle-course") generated 12 warnings (run `cargo fix --bin "rust-candle-course" -p rust-candle-course` to apply 5 suggestions)
[1m[92m    Finished[0m `dev` profile [unoptimized + debuginfo] target(s) in 0.13s
[1m[38;5;255m[48;5;240m rust-candle-course [0m[1m[38;5;235m[48;5;204m check [0m[1m[38;5;235m[48;5;11m  12 warnings  [0m
[1m[92m    Checking[0m rust-candle-course v0.1.0 (/Users/stephen/Desktop/rust-candle-course)
[1m[33mwarning[0m[1m: unused import: `D`[0m
 [1m[94m--> [0msrc/main.rs:2:35
  [1m[94m|[0m
[1m[94m2[0m [1m[94m|[0m use candle_core::{Device, Tensor, D};
  [1m[94m|[0m                                   [1m[33m^[0m
  [1m[94m|[0m
  [1m[94m= [0m[1mnote[0m: `#[warn(unused_imports)]` (part of `#[warn(unused)]`) on by default

[1m[33mwarning[0m[1m: unnecessary parentheses around function argument[0m
  [1m[94m--> [0msrc/main.rs:30:54
   [1m[94m|[0m
[1m[94m30[0m [1m[94m|[0m         let bias: Tensor = Tensor::randn(0f32, 1f32, (1), &device)?;
   [1m[94m|[0m                                                      [1m[33m^[0m [1m[33m^[0m
   [1m[94m|[0m
   [1m[94m= [0m[1mnote[0m: `#[warn(unused_parens)]` (part of `#[warn(unused)]`) on by default
[1m[96mhelp[0m: remove these parentheses
   [1m[94m|[0m
[1m[94m30[0m [91m- [0m        let bias: Tensor = Tensor::randn(0f32, 1f32, [91m([0m1[91m)[0m, &device)?;
[1m[94m30[0m [92m+ [0m        let bias: Tensor = Tensor::randn(0f32, 1f32, 1[92m [0m, &device)?;
   [1m[94m|[0m

[1m[33mwarning[0m[1m: unused variable: `reg`[0m
  [1m[94m--> [0msrc/main.rs:62:13
   [1m[94m|[0m
[1m[94m62[0m [1m[94m|[0m         let reg = self.regularization;
   [1m[94m|[0m             [1m[33m^^^[0m [1m[33mhelp: if this is intentional, prefix it with an underscore: `_reg`[0m
   [1m[94m|[0m
   [1m[94m= [0m[1mnote[0m: `#[warn(unused_variables)]` (part of `#[warn(unused)]`) on by default

[1m[33mwarning[0m[1m: unused variable: `lr`[0m
  [1m[94m--> [0msrc/main.rs:63:13
   [1m[94m|[0m
[1m[94m63[0m [1m[94m|[0m         let lr = self.lr;
   [1m[94m|[0m             [1m[33m^^[0m [1m[33mhelp: if this is intentional, prefix it with an underscore: `_lr`[0m

[1m[33mwarning[0m[1m: unused variable: `loss`[0m
  [1m[94m--> [0msrc/main.rs:65:13
   [1m[94m|[0m
[1m[94m65[0m [1m[94m|[0m         let loss = output.sub(labels)?;
   [1m[94m|[0m             [1m[33m^^^^[0m [1m[33mhelp: if this is intentional, prefix it with an underscore: `_loss`[0m

[1m[33mwarning[0m[1m: fields `weights`, `bias`, `device`, `lr`, and `regularization` are never read[0m
  [1m[94m--> [0msrc/main.rs:19:5
   [1m[94m|[0m
[1m[94m18[0m [1m[94m|[0m struct LinearRegression {
   [1m[94m|[0m        [1m[94m----------------[0m [1m[94mfields in this struct[0m
[1m[94m19[0m [1m[94m|[0m     weights: Tensor,
   [1m[94m|[0m     [1m[33m^^^^^^^[0m
[1m[94m20[0m [1m[94m|[0m     bias: Tensor,
   [1m[94m|[0m     [1m[33m^^^^[0m
[1m[94m21[0m [1m[94m|[0m     device: Device,
   [1m[94m|[0m     [1m[33m^^^^^^[0m
[1m[94m22[0m [1m[94m|[0m     lr: f32,
   [1m[94m|[0m     [1m[33m^^[0m
[1m[94m23[0m [1m[94m|[0m     regularization: f32,
   [1m[94m|[0m     [1m[33m^^^^^^^^^^^^^^[0m
   [1m[94m|[0m
   [1m[94m= [0m[1mnote[0m: `#[warn(dead_code)]` (part of `#[warn(unused)]`) on by default

[1m[33mwarning[0m[1m: methods `forward`, `loss`, and `train` are never used[0m
  [1m[94m--> [0msrc/main.rs:43:8
   [1m[94m|[0m
[1m[94m26[0m [1m[94m|[0m impl LinearRegression {
   [1m[94m|[0m [1m[94m---------------------[0m [1m[94mmethods in this implementation[0m
[1m[94m...[0m
[1m[94m43[0m [1m[94m|[0m     fn forward(&self, x: &Tensor) -> Result<Tensor> {
   [1m[94m|[0m        [1m[33m^^^^^^^[0m
[1m[94m...[0m
[1m[94m49[0m [1m[94m|[0m     fn loss(&self, predictions: &Tensor, targets: &Tensor) -> Result<f32> {
   [1m[94m|[0m        [1m[33m^^^^[0m
[1m[94m...[0m
[1m[94m56[0m [1m[94m|[0m     fn train(
   [1m[94m|[0m        [1m[33m^^^^^[0m

[1m[33mwarning[0m[1m: variable `X` should have a snake case name[0m
   [1m[94m--> [0msrc/main.rs:120:13
    [1m[94m|[0m
[1m[94m120[0m [1m[94m|[0m         let X = features.broadcast_sub(&xm)?;
    [1m[94m|[0m             [1m[33m^[0m [1m[33mhelp: convert the identifier to snake case (notice the capitalization): `x`[0m
    [1m[94m|[0m
    [1m[94m= [0m[1mnote[0m: `#[warn(non_snake_case)]` (part of `#[warn(nonstandard_style)]`) on by default

[1m[33mwarning[0m[1m: variable `Y` should have a snake case name[0m
   [1m[94m--> [0msrc/main.rs:121:13
    [1m[94m|[0m
[1m[94m121[0m [1m[94m|[0m         let Y = labels.broadcast_sub(&ym)?;
    [1m[94m|[0m             [1m[33m^[0m [1m[33mhelp: convert the identifier to snake case (notice the capitalization): `y`[0m

[1m[33mwarning[0m[1m: variable `W` should have a snake case name[0m
   [1m[94m--> [0msrc/main.rs:127:13
    [1m[94m|[0m
[1m[94m127[0m [1m[94m|[0m         let W = X.matmul(&X.t()?)?;
    [1m[94m|[0m             [1m[33m^[0m [1m[33mhelp: convert the identifier to snake case (notice the capitalization): `w`[0m

[1m[33mwarning[0m[1m: variable `W` should have a snake case name[0m
   [1m[94m--> [0msrc/main.rs:128:13
    [1m[94m|[0m
[1m[94m128[0m [1m[94m|[0m         let W = invert_tensor(&W)?;
    [1m[94m|[0m             [1m[33m^[0m [1m[33mhelp: convert the identifier to snake case (notice the capitalization): `w`[0m

[1m[33mwarning[0m[1m: variable `W` should have a snake case name[0m
   [1m[94m--> [0msrc/main.rs:129:13
    [1m[94m|[0m
[1m[94m129[0m [1m[94m|[0m         let W = W.matmul(&X)?;
    [1m[94m|[0m             [1m[33m^[0m [1m[33mhelp: convert the identifier to snake case (notice the capitalization): `w`[0m

[1m[33mwarning[0m[1m: variable `W` should have a snake case name[0m
   [1m[94m--> [0msrc/main.rs:131:13
    [1m[94m|[0m
[1m[94m131[0m [1m[94m|[0m         let W = W.matmul(&Y.unsqueeze(1)?)?;
    [1m[94m|[0m             [1m[33m^[0m [1m[33mhelp: convert the identifier to snake case (notice the capitalization): `w`[0m

[1m[33mwarning[0m: `rust-candle-course` (bin "rust-candle-course") generated 13 warnings (run `cargo fix --bin "rust-candle-course" -p rust-candle-course` to apply 5 suggestions)
[1m[92m    Finished[0m `dev` profile [unoptimized + debuginfo] target(s) in 0.13s
[1m[38;5;255m[48;5;240m rust-candle-course [0m[1m[38;5;235m[48;5;204m check [0m[1m[38;5;235m[48;5;11m  13 warnings  [0m
[1m[92m    Checking[0m rust-candle-course v0.1.0 (/Users/stephen/Desktop/rust-candle-course)
[1m[33mwarning[0m[1m: unused import: `D`[0m
 [1m[94m--> [0msrc/main.rs:2:35
  [1m[94m|[0m
[1m[94m2[0m [1m[94m|[0m use candle_core::{Device, Tensor, D};
  [1m[94m|[0m                                   [1m[33m^[0m
  [1m[94m|[0m
  [1m[94m= [0m[1mnote[0m: `#[warn(unused_imports)]` (part of `#[warn(unused)]`) on by default

[1m[33mwarning[0m[1m: unnecessary parentheses around function argument[0m
  [1m[94m--> [0msrc/main.rs:30:54
   [1m[94m|[0m
[1m[94m30[0m [1m[94m|[0m         let bias: Tensor = Tensor::randn(0f32, 1f32, (1), &device)?;
   [1m[94m|[0m                                                      [1m[33m^[0m [1m[33m^[0m
   [1m[94m|[0m
   [1m[94m= [0m[1mnote[0m: `#[warn(unused_parens)]` (part of `#[warn(unused)]`) on by default
[1m[96mhelp[0m: remove these parentheses
   [1m[94m|[0m
[1m[94m30[0m [91m- [0m        let bias: Tensor = Tensor::randn(0f32, 1f32, [91m([0m1[91m)[0m, &device)?;
[1m[94m30[0m [92m+ [0m        let bias: Tensor = Tensor::randn(0f32, 1f32, 1[92m [0m, &device)?;
   [1m[94m|[0m

[1m[33mwarning[0m[1m: unused variable: `reg`[0m
  [1m[94m--> [0msrc/main.rs:62:13
   [1m[94m|[0m
[1m[94m62[0m [1m[94m|[0m         let reg = self.regularization;
   [1m[94m|[0m             [1m[33m^^^[0m [1m[33mhelp: if this is intentional, prefix it with an underscore: `_reg`[0m
   [1m[94m|[0m
   [1m[94m= [0m[1mnote[0m: `#[warn(unused_variables)]` (part of `#[warn(unused)]`) on by default

[1m[33mwarning[0m[1m: unused variable: `lr`[0m
  [1m[94m--> [0msrc/main.rs:63:13
   [1m[94m|[0m
[1m[94m63[0m [1m[94m|[0m         let lr = self.lr;
   [1m[94m|[0m             [1m[33m^^[0m [1m[33mhelp: if this is intentional, prefix it with an underscore: `_lr`[0m

[1m[33mwarning[0m[1m: unused variable: `loss`[0m
  [1m[94m--> [0msrc/main.rs:65:13
   [1m[94m|[0m
[1m[94m65[0m [1m[94m|[0m         let loss = output.sub(labels)?;
   [1m[94m|[0m             [1m[33m^^^^[0m [1m[33mhelp: if this is intentional, prefix it with an underscore: `_loss`[0m

[1m[33mwarning[0m[1m: fields `weights`, `bias`, `device`, `lr`, and `regularization` are never read[0m
  [1m[94m--> [0msrc/main.rs:19:5
   [1m[94m|[0m
[1m[94m18[0m [1m[94m|[0m struct LinearRegression {
   [1m[94m|[0m        [1m[94m----------------[0m [1m[94mfields in this struct[0m
[1m[94m19[0m [1m[94m|[0m     weights: Tensor,
   [1m[94m|[0m     [1m[33m^^^^^^^[0m
[1m[94m20[0m [1m[94m|[0m     bias: Tensor,
   [1m[94m|[0m     [1m[33m^^^^[0m
[1m[94m21[0m [1m[94m|[0m     device: Device,
   [1m[94m|[0m     [1m[33m^^^^^^[0m
[1m[94m22[0m [1m[94m|[0m     lr: f32,
   [1m[94m|[0m     [1m[33m^^[0m
[1m[94m23[0m [1m[94m|[0m     regularization: f32,
   [1m[94m|[0m     [1m[33m^^^^^^^^^^^^^^[0m
   [1m[94m|[0m
   [1m[94m= [0m[1mnote[0m: `#[warn(dead_code)]` (part of `#[warn(unused)]`) on by default

[1m[33mwarning[0m[1m: methods `forward`, `loss`, and `train` are never used[0m
  [1m[94m--> [0msrc/main.rs:43:8
   [1m[94m|[0m
[1m[94m26[0m [1m[94m|[0m impl LinearRegression {
   [1m[94m|[0m [1m[94m---------------------[0m [1m[94mmethods in this implementation[0m
[1m[94m...[0m
[1m[94m43[0m [1m[94m|[0m     fn forward(&self, x: &Tensor) -> Result<Tensor> {
   [1m[94m|[0m        [1m[33m^^^^^^^[0m
[1m[94m...[0m
[1m[94m49[0m [1m[94m|[0m     fn loss(&self, predictions: &Tensor, targets: &Tensor) -> Result<f32> {
   [1m[94m|[0m        [1m[33m^^^^[0m
[1m[94m...[0m
[1m[94m56[0m [1m[94m|[0m     fn train(
   [1m[94m|[0m        [1m[33m^^^^^[0m

[1m[33mwarning[0m[1m: variable `X` should have a snake case name[0m
   [1m[94m--> [0msrc/main.rs:120:13
    [1m[94m|[0m
[1m[94m120[0m [1m[94m|[0m         let X = features.broadcast_sub(&xm)?;
    [1m[94m|[0m             [1m[33m^[0m [1m[33mhelp: convert the identifier to snake case (notice the capitalization): `x`[0m
    [1m[94m|[0m
    [1m[94m= [0m[1mnote[0m: `#[warn(non_snake_case)]` (part of `#[warn(nonstandard_style)]`) on by default

[1m[33mwarning[0m[1m: variable `Y` should have a snake case name[0m
   [1m[94m--> [0msrc/main.rs:121:13
    [1m[94m|[0m
[1m[94m121[0m [1m[94m|[0m         let Y = labels.broadcast_sub(&ym)?;
    [1m[94m|[0m             [1m[33m^[0m [1m[33mhelp: convert the identifier to snake case (notice the capitalization): `y`[0m

[1m[33mwarning[0m[1m: variable `W` should have a snake case name[0m
   [1m[94m--> [0msrc/main.rs:127:13
    [1m[94m|[0m
[1m[94m127[0m [1m[94m|[0m         let W = X.matmul(&X.t()?)?;
    [1m[94m|[0m             [1m[33m^[0m [1m[33mhelp: convert the identifier to snake case (notice the capitalization): `w`[0m

[1m[33mwarning[0m[1m: variable `W` should have a snake case name[0m
   [1m[94m--> [0msrc/main.rs:128:13
    [1m[94m|[0m
[1m[94m128[0m [1m[94m|[0m         let W = invert_tensor(&W)?;
    [1m[94m|[0m             [1m[33m^[0m [1m[33mhelp: convert the identifier to snake case (notice the capitalization): `w`[0m

[1m[33mwarning[0m[1m: variable `W` should have a snake case name[0m
   [1m[94m--> [0msrc/main.rs:129:13
    [1m[94m|[0m
[1m[94m129[0m [1m[94m|[0m         let W = W.matmul(&X)?;
    [1m[94m|[0m             [1m[33m^[0m [1m[33mhelp: convert the identifier to snake case (notice the capitalization): `w`[0m

[1m[33mwarning[0m[1m: variable `W` should have a snake case name[0m
   [1m[94m--> [0msrc/main.rs:131:13
    [1m[94m|[0m
[1m[94m131[0m [1m[94m|[0m         let W = W.matmul(&Y.unsqueeze(1)?)?;
    [1m[94m|[0m             [1m[33m^[0m [1m[33mhelp: convert the identifier to snake case (notice the capitalization): `w`[0m

[1m[33mwarning[0m: `rust-candle-course` (bin "rust-candle-course") generated 13 warnings (run `cargo fix --bin "rust-candle-course" -p rust-candle-course` to apply 5 suggestions)
[1m[92m    Finished[0m `dev` profile [unoptimized + debuginfo] target(s) in 0.12s
[1m[38;5;255m[48;5;240m rust-candle-course [0m[1m[38;5;235m[48;5;204m check [0m[1m[38;5;235m[48;5;11m  13 warnings  [0m
[1m[92m    Checking[0m rust-candle-course v0.1.0 (/Users/stephen/Desktop/rust-candle-course)
[1m[33mwarning[0m[1m: unused import: `D`[0m
 [1m[94m--> [0msrc/main.rs:2:35
  [1m[94m|[0m
[1m[94m2[0m [1m[94m|[0m use candle_core::{Device, Tensor, D};
  [1m[94m|[0m                                   [1m[33m^[0m
  [1m[94m|[0m
  [1m[94m= [0m[1mnote[0m: `#[warn(unused_imports)]` (part of `#[warn(unused)]`) on by default

[1m[33mwarning[0m[1m: unnecessary parentheses around function argument[0m
  [1m[94m--> [0msrc/main.rs:30:54
   [1m[94m|[0m
[1m[94m30[0m [1m[94m|[0m         let bias: Tensor = Tensor::randn(0f32, 1f32, (1), &device)?;
   [1m[94m|[0m                                                      [1m[33m^[0m [1m[33m^[0m
   [1m[94m|[0m
   [1m[94m= [0m[1mnote[0m: `#[warn(unused_parens)]` (part of `#[warn(unused)]`) on by default
[1m[96mhelp[0m: remove these parentheses
   [1m[94m|[0m
[1m[94m30[0m [91m- [0m        let bias: Tensor = Tensor::randn(0f32, 1f32, [91m([0m1[91m)[0m, &device)?;
[1m[94m30[0m [92m+ [0m        let bias: Tensor = Tensor::randn(0f32, 1f32, 1[92m [0m, &device)?;
   [1m[94m|[0m

[1m[33mwarning[0m[1m: unused variable: `reg`[0m
  [1m[94m--> [0msrc/main.rs:62:13
   [1m[94m|[0m
[1m[94m62[0m [1m[94m|[0m         let reg = self.regularization;
   [1m[94m|[0m             [1m[33m^^^[0m [1m[33mhelp: if this is intentional, prefix it with an underscore: `_reg`[0m
   [1m[94m|[0m
   [1m[94m= [0m[1mnote[0m: `#[warn(unused_variables)]` (part of `#[warn(unused)]`) on by default

[1m[33mwarning[0m[1m: unused variable: `lr`[0m
  [1m[94m--> [0msrc/main.rs:63:13
   [1m[94m|[0m
[1m[94m63[0m [1m[94m|[0m         let lr = self.lr;
   [1m[94m|[0m             [1m[33m^^[0m [1m[33mhelp: if this is intentional, prefix it with an underscore: `_lr`[0m

[1m[33mwarning[0m[1m: unused variable: `loss`[0m
  [1m[94m--> [0msrc/main.rs:65:13
   [1m[94m|[0m
[1m[94m65[0m [1m[94m|[0m         let loss = output.sub(labels)?;
   [1m[94m|[0m             [1m[33m^^^^[0m [1m[33mhelp: if this is intentional, prefix it with an underscore: `_loss`[0m

[1m[33mwarning[0m[1m: fields `weights`, `bias`, `device`, `lr`, and `regularization` are never read[0m
  [1m[94m--> [0msrc/main.rs:19:5
   [1m[94m|[0m
[1m[94m18[0m [1m[94m|[0m struct LinearRegression {
   [1m[94m|[0m        [1m[94m----------------[0m [1m[94mfields in this struct[0m
[1m[94m19[0m [1m[94m|[0m     weights: Tensor,
   [1m[94m|[0m     [1m[33m^^^^^^^[0m
[1m[94m20[0m [1m[94m|[0m     bias: Tensor,
   [1m[94m|[0m     [1m[33m^^^^[0m
[1m[94m21[0m [1m[94m|[0m     device: Device,
   [1m[94m|[0m     [1m[33m^^^^^^[0m
[1m[94m22[0m [1m[94m|[0m     lr: f32,
   [1m[94m|[0m     [1m[33m^^[0m
[1m[94m23[0m [1m[94m|[0m     regularization: f32,
   [1m[94m|[0m     [1m[33m^^^^^^^^^^^^^^[0m
   [1m[94m|[0m
   [1m[94m= [0m[1mnote[0m: `#[warn(dead_code)]` (part of `#[warn(unused)]`) on by default

[1m[33mwarning[0m[1m: methods `forward`, `loss`, and `train` are never used[0m
  [1m[94m--> [0msrc/main.rs:43:8
   [1m[94m|[0m
[1m[94m26[0m [1m[94m|[0m impl LinearRegression {
   [1m[94m|[0m [1m[94m---------------------[0m [1m[94mmethods in this implementation[0m
[1m[94m...[0m
[1m[94m43[0m [1m[94m|[0m     fn forward(&self, x: &Tensor) -> Result<Tensor> {
   [1m[94m|[0m        [1m[33m^^^^^^^[0m
[1m[94m...[0m
[1m[94m49[0m [1m[94m|[0m     fn loss(&self, predictions: &Tensor, targets: &Tensor) -> Result<f32> {
   [1m[94m|[0m        [1m[33m^^^^[0m
[1m[94m...[0m
[1m[94m56[0m [1m[94m|[0m     fn train(
   [1m[94m|[0m        [1m[33m^^^^^[0m

[1m[33mwarning[0m[1m: variable `X` should have a snake case name[0m
   [1m[94m--> [0msrc/main.rs:120:13
    [1m[94m|[0m
[1m[94m120[0m [1m[94m|[0m         let X = features.broadcast_sub(&xm)?;
    [1m[94m|[0m             [1m[33m^[0m [1m[33mhelp: convert the identifier to snake case (notice the capitalization): `x`[0m
    [1m[94m|[0m
    [1m[94m= [0m[1mnote[0m: `#[warn(non_snake_case)]` (part of `#[warn(nonstandard_style)]`) on by default

[1m[33mwarning[0m[1m: variable `Y` should have a snake case name[0m
   [1m[94m--> [0msrc/main.rs:121:13
    [1m[94m|[0m
[1m[94m121[0m [1m[94m|[0m         let Y = labels.broadcast_sub(&ym)?;
    [1m[94m|[0m             [1m[33m^[0m [1m[33mhelp: convert the identifier to snake case (notice the capitalization): `y`[0m

[1m[33mwarning[0m[1m: variable `W` should have a snake case name[0m
   [1m[94m--> [0msrc/main.rs:127:13
    [1m[94m|[0m
[1m[94m127[0m [1m[94m|[0m         let W = X.matmul(&X.t()?)?;
    [1m[94m|[0m             [1m[33m^[0m [1m[33mhelp: convert the identifier to snake case (notice the capitalization): `w`[0m

[1m[33mwarning[0m[1m: variable `W` should have a snake case name[0m
   [1m[94m--> [0msrc/main.rs:128:13
    [1m[94m|[0m
[1m[94m128[0m [1m[94m|[0m         let W = invert_tensor(&W)?;
    [1m[94m|[0m             [1m[33m^[0m [1m[33mhelp: convert the identifier to snake case (notice the capitalization): `w`[0m

[1m[33mwarning[0m[1m: variable `W` should have a snake case name[0m
   [1m[94m--> [0msrc/main.rs:129:13
    [1m[94m|[0m
[1m[94m129[0m [1m[94m|[0m         let W = W.matmul(&X)?;
    [1m[94m|[0m             [1m[33m^[0m [1m[33mhelp: convert the identifier to snake case (notice the capitalization): `w`[0m

[1m[33mwarning[0m[1m: variable `W` should have a snake case name[0m
   [1m[94m--> [0msrc/main.rs:131:13
    [1m[94m|[0m
[1m[94m131[0m [1m[94m|[0m         let W = W.matmul(&Y.unsqueeze(1)?)?;
    [1m[94m|[0m             [1m[33m^[0m [1m[33mhelp: convert the identifier to snake case (notice the capitalization): `w`[0m

[1m[33mwarning[0m: `rust-candle-course` (bin "rust-candle-course") generated 13 warnings (run `cargo fix --bin "rust-candle-course" -p rust-candle-course` to apply 5 suggestions)
[1m[92m    Finished[0m `dev` profile [unoptimized + debuginfo] target(s) in 0.12s
[1m[38;5;255m[48;5;240m rust-candle-course [0m[1m[38;5;235m[48;5;204m check [0m[1m[38;5;235m[48;5;11m  13 warnings  [0m
[1m[92m    Checking[0m rust-candle-course v0.1.0 (/Users/stephen/Desktop/rust-candle-course)
[1m[33mwarning[0m[1m: unused import: `D`[0m
 [1m[94m--> [0msrc/main.rs:2:35
  [1m[94m|[0m
[1m[94m2[0m [1m[94m|[0m use candle_core::{Device, Tensor, D};
  [1m[94m|[0m                                   [1m[33m^[0m
  [1m[94m|[0m
  [1m[94m= [0m[1mnote[0m: `#[warn(unused_imports)]` (part of `#[warn(unused)]`) on by default

[1m[33mwarning[0m[1m: unnecessary parentheses around function argument[0m
  [1m[94m--> [0msrc/main.rs:30:54
   [1m[94m|[0m
[1m[94m30[0m [1m[94m|[0m         let bias: Tensor = Tensor::randn(0f32, 1f32, (1), &device)?;
   [1m[94m|[0m                                                      [1m[33m^[0m [1m[33m^[0m
   [1m[94m|[0m
   [1m[94m= [0m[1mnote[0m: `#[warn(unused_parens)]` (part of `#[warn(unused)]`) on by default
[1m[96mhelp[0m: remove these parentheses
   [1m[94m|[0m
[1m[94m30[0m [91m- [0m        let bias: Tensor = Tensor::randn(0f32, 1f32, [91m([0m1[91m)[0m, &device)?;
[1m[94m30[0m [92m+ [0m        let bias: Tensor = Tensor::randn(0f32, 1f32, 1[92m [0m, &device)?;
   [1m[94m|[0m

[1m[33mwarning[0m[1m: unused variable: `reg`[0m
  [1m[94m--> [0msrc/main.rs:62:13
   [1m[94m|[0m
[1m[94m62[0m [1m[94m|[0m         let reg = self.regularization;
   [1m[94m|[0m             [1m[33m^^^[0m [1m[33mhelp: if this is intentional, prefix it with an underscore: `_reg`[0m
   [1m[94m|[0m
   [1m[94m= [0m[1mnote[0m: `#[warn(unused_variables)]` (part of `#[warn(unused)]`) on by default

[1m[33mwarning[0m[1m: unused variable: `lr`[0m
  [1m[94m--> [0msrc/main.rs:63:13
   [1m[94m|[0m
[1m[94m63[0m [1m[94m|[0m         let lr = self.lr;
   [1m[94m|[0m             [1m[33m^^[0m [1m[33mhelp: if this is intentional, prefix it with an underscore: `_lr`[0m

[1m[33mwarning[0m[1m: unused variable: `loss`[0m
  [1m[94m--> [0msrc/main.rs:65:13
   [1m[94m|[0m
[1m[94m65[0m [1m[94m|[0m         let loss = output.sub(labels)?;
   [1m[94m|[0m             [1m[33m^^^^[0m [1m[33mhelp: if this is intentional, prefix it with an underscore: `_loss`[0m

[1m[33mwarning[0m[1m: fields `weights`, `bias`, `device`, `lr`, and `regularization` are never read[0m
  [1m[94m--> [0msrc/main.rs:19:5
   [1m[94m|[0m
[1m[94m18[0m [1m[94m|[0m struct LinearRegression {
   [1m[94m|[0m        [1m[94m----------------[0m [1m[94mfields in this struct[0m
[1m[94m19[0m [1m[94m|[0m     weights: Tensor,
   [1m[94m|[0m     [1m[33m^^^^^^^[0m
[1m[94m20[0m [1m[94m|[0m     bias: Tensor,
   [1m[94m|[0m     [1m[33m^^^^[0m
[1m[94m21[0m [1m[94m|[0m     device: Device,
   [1m[94m|[0m     [1m[33m^^^^^^[0m
[1m[94m22[0m [1m[94m|[0m     lr: f32,
   [1m[94m|[0m     [1m[33m^^[0m
[1m[94m23[0m [1m[94m|[0m     regularization: f32,
   [1m[94m|[0m     [1m[33m^^^^^^^^^^^^^^[0m
   [1m[94m|[0m
   [1m[94m= [0m[1mnote[0m: `#[warn(dead_code)]` (part of `#[warn(unused)]`) on by default

[1m[33mwarning[0m[1m: methods `forward`, `loss`, and `train` are never used[0m
  [1m[94m--> [0msrc/main.rs:43:8
   [1m[94m|[0m
[1m[94m26[0m [1m[94m|[0m impl LinearRegression {
   [1m[94m|[0m [1m[94m---------------------[0m [1m[94mmethods in this implementation[0m
[1m[94m...[0m
[1m[94m43[0m [1m[94m|[0m     fn forward(&self, x: &Tensor) -> Result<Tensor> {
   [1m[94m|[0m        [1m[33m^^^^^^^[0m
[1m[94m...[0m
[1m[94m49[0m [1m[94m|[0m     fn loss(&self, predictions: &Tensor, targets: &Tensor) -> Result<f32> {
   [1m[94m|[0m        [1m[33m^^^^[0m
[1m[94m...[0m
[1m[94m56[0m [1m[94m|[0m     fn train(
   [1m[94m|[0m        [1m[33m^^^^^[0m

[1m[33mwarning[0m[1m: variable `X` should have a snake case name[0m
   [1m[94m--> [0msrc/main.rs:120:13
    [1m[94m|[0m
[1m[94m120[0m [1m[94m|[0m         let X = features.broadcast_sub(&xm)?;
    [1m[94m|[0m             [1m[33m^[0m [1m[33mhelp: convert the identifier to snake case (notice the capitalization): `x`[0m
    [1m[94m|[0m
    [1m[94m= [0m[1mnote[0m: `#[warn(non_snake_case)]` (part of `#[warn(nonstandard_style)]`) on by default

[1m[33mwarning[0m[1m: variable `Y` should have a snake case name[0m
   [1m[94m--> [0msrc/main.rs:121:13
    [1m[94m|[0m
[1m[94m121[0m [1m[94m|[0m         let Y = labels.broadcast_sub(&ym)?;
    [1m[94m|[0m             [1m[33m^[0m [1m[33mhelp: convert the identifier to snake case (notice the capitalization): `y`[0m

[1m[33mwarning[0m[1m: variable `W` should have a snake case name[0m
   [1m[94m--> [0msrc/main.rs:127:13
    [1m[94m|[0m
[1m[94m127[0m [1m[94m|[0m         let W = X.matmul(&X.t()?)?;
    [1m[94m|[0m             [1m[33m^[0m [1m[33mhelp: convert the identifier to snake case (notice the capitalization): `w`[0m

[1m[33mwarning[0m[1m: variable `W` should have a snake case name[0m
   [1m[94m--> [0msrc/main.rs:128:13
    [1m[94m|[0m
[1m[94m128[0m [1m[94m|[0m         let W = invert_tensor(&W)?;
    [1m[94m|[0m             [1m[33m^[0m [1m[33mhelp: convert the identifier to snake case (notice the capitalization): `w`[0m

[1m[33mwarning[0m[1m: variable `W` should have a snake case name[0m
   [1m[94m--> [0msrc/main.rs:129:13
    [1m[94m|[0m
[1m[94m129[0m [1m[94m|[0m         let W = W.matmul(&X)?;
    [1m[94m|[0m             [1m[33m^[0m [1m[33mhelp: convert the identifier to snake case (notice the capitalization): `w`[0m

[1m[33mwarning[0m[1m: variable `W` should have a snake case name[0m
   [1m[94m--> [0msrc/main.rs:131:13
    [1m[94m|[0m
[1m[94m131[0m [1m[94m|[0m         let W = W.matmul(&Y.unsqueeze(0)?)?;
    [1m[94m|[0m             [1m[33m^[0m [1m[33mhelp: convert the identifier to snake case (notice the capitalization): `w`[0m

[1m[33mwarning[0m: `rust-candle-course` (bin "rust-candle-course") generated 13 warnings (run `cargo fix --bin "rust-candle-course" -p rust-candle-course` to apply 5 suggestions)
[1m[92m    Finished[0m `dev` profile [unoptimized + debuginfo] target(s) in 0.13s
[1m[38;5;255m[48;5;240m rust-candle-course [0m[1m[38;5;235m[48;5;204m check [0m[1m[38;5;235m[48;5;11m  13 warnings  [0m
[1m[92m    Checking[0m rust-candle-course v0.1.0 (/Users/stephen/Desktop/rust-candle-course)
[1m[33mwarning[0m[1m: unused import: `D`[0m
 [1m[94m--> [0msrc/main.rs:2:35
  [1m[94m|[0m
[1m[94m2[0m [1m[94m|[0m use candle_core::{Device, Tensor, D};
  [1m[94m|[0m                                   [1m[33m^[0m
  [1m[94m|[0m
  [1m[94m= [0m[1mnote[0m: `#[warn(unused_imports)]` (part of `#[warn(unused)]`) on by default

[1m[33mwarning[0m[1m: unnecessary parentheses around function argument[0m
  [1m[94m--> [0msrc/main.rs:30:54
   [1m[94m|[0m
[1m[94m30[0m [1m[94m|[0m         let bias: Tensor = Tensor::randn(0f32, 1f32, (1), &device)?;
   [1m[94m|[0m                                                      [1m[33m^[0m [1m[33m^[0m
   [1m[94m|[0m
   [1m[94m= [0m[1mnote[0m: `#[warn(unused_parens)]` (part of `#[warn(unused)]`) on by default
[1m[96mhelp[0m: remove these parentheses
   [1m[94m|[0m
[1m[94m30[0m [91m- [0m        let bias: Tensor = Tensor::randn(0f32, 1f32, [91m([0m1[91m)[0m, &device)?;
[1m[94m30[0m [92m+ [0m        let bias: Tensor = Tensor::randn(0f32, 1f32, 1[92m [0m, &device)?;
   [1m[94m|[0m

[1m[33mwarning[0m[1m: unused variable: `reg`[0m
  [1m[94m--> [0msrc/main.rs:62:13
   [1m[94m|[0m
[1m[94m62[0m [1m[94m|[0m         let reg = self.regularization;
   [1m[94m|[0m             [1m[33m^^^[0m [1m[33mhelp: if this is intentional, prefix it with an underscore: `_reg`[0m
   [1m[94m|[0m
   [1m[94m= [0m[1mnote[0m: `#[warn(unused_variables)]` (part of `#[warn(unused)]`) on by default

[1m[33mwarning[0m[1m: unused variable: `lr`[0m
  [1m[94m--> [0msrc/main.rs:63:13
   [1m[94m|[0m
[1m[94m63[0m [1m[94m|[0m         let lr = self.lr;
   [1m[94m|[0m             [1m[33m^^[0m [1m[33mhelp: if this is intentional, prefix it with an underscore: `_lr`[0m

[1m[33mwarning[0m[1m: unused variable: `loss`[0m
  [1m[94m--> [0msrc/main.rs:65:13
   [1m[94m|[0m
[1m[94m65[0m [1m[94m|[0m         let loss = output.sub(labels)?;
   [1m[94m|[0m             [1m[33m^^^^[0m [1m[33mhelp: if this is intentional, prefix it with an underscore: `_loss`[0m

[1m[33mwarning[0m[1m: fields `weights`, `bias`, `device`, `lr`, and `regularization` are never read[0m
  [1m[94m--> [0msrc/main.rs:19:5
   [1m[94m|[0m
[1m[94m18[0m [1m[94m|[0m struct LinearRegression {
   [1m[94m|[0m        [1m[94m----------------[0m [1m[94mfields in this struct[0m
[1m[94m19[0m [1m[94m|[0m     weights: Tensor,
   [1m[94m|[0m     [1m[33m^^^^^^^[0m
[1m[94m20[0m [1m[94m|[0m     bias: Tensor,
   [1m[94m|[0m     [1m[33m^^^^[0m
[1m[94m21[0m [1m[94m|[0m     device: Device,
   [1m[94m|[0m     [1m[33m^^^^^^[0m
[1m[94m22[0m [1m[94m|[0m     lr: f32,
   [1m[94m|[0m     [1m[33m^^[0m
[1m[94m23[0m [1m[94m|[0m     regularization: f32,
   [1m[94m|[0m     [1m[33m^^^^^^^^^^^^^^[0m
   [1m[94m|[0m
   [1m[94m= [0m[1mnote[0m: `#[warn(dead_code)]` (part of `#[warn(unused)]`) on by default

[1m[33mwarning[0m[1m: methods `forward`, `loss`, and `train` are never used[0m
  [1m[94m--> [0msrc/main.rs:43:8
   [1m[94m|[0m
[1m[94m26[0m [1m[94m|[0m impl LinearRegression {
   [1m[94m|[0m [1m[94m---------------------[0m [1m[94mmethods in this implementation[0m
[1m[94m...[0m
[1m[94m43[0m [1m[94m|[0m     fn forward(&self, x: &Tensor) -> Result<Tensor> {
   [1m[94m|[0m        [1m[33m^^^^^^^[0m
[1m[94m...[0m
[1m[94m49[0m [1m[94m|[0m     fn loss(&self, predictions: &Tensor, targets: &Tensor) -> Result<f32> {
   [1m[94m|[0m        [1m[33m^^^^[0m
[1m[94m...[0m
[1m[94m56[0m [1m[94m|[0m     fn train(
   [1m[94m|[0m        [1m[33m^^^^^[0m

[1m[33mwarning[0m[1m: variable `X` should have a snake case name[0m
   [1m[94m--> [0msrc/main.rs:120:13
    [1m[94m|[0m
[1m[94m120[0m [1m[94m|[0m         let X = features.broadcast_sub(&xm)?;
    [1m[94m|[0m             [1m[33m^[0m [1m[33mhelp: convert the identifier to snake case (notice the capitalization): `x`[0m
    [1m[94m|[0m
    [1m[94m= [0m[1mnote[0m: `#[warn(non_snake_case)]` (part of `#[warn(nonstandard_style)]`) on by default

[1m[33mwarning[0m[1m: variable `Y` should have a snake case name[0m
   [1m[94m--> [0msrc/main.rs:121:13
    [1m[94m|[0m
[1m[94m121[0m [1m[94m|[0m         let Y = labels.broadcast_sub(&ym)?;
    [1m[94m|[0m             [1m[33m^[0m [1m[33mhelp: convert the identifier to snake case (notice the capitalization): `y`[0m

[1m[33mwarning[0m[1m: variable `W` should have a snake case name[0m
   [1m[94m--> [0msrc/main.rs:127:13
    [1m[94m|[0m
[1m[94m127[0m [1m[94m|[0m         let W = X.matmul(&X.t()?)?;
    [1m[94m|[0m             [1m[33m^[0m [1m[33mhelp: convert the identifier to snake case (notice the capitalization): `w`[0m

[1m[33mwarning[0m[1m: variable `W` should have a snake case name[0m
   [1m[94m--> [0msrc/main.rs:128:13
    [1m[94m|[0m
[1m[94m128[0m [1m[94m|[0m         let W = invert_tensor(&W)?;
    [1m[94m|[0m             [1m[33m^[0m [1m[33mhelp: convert the identifier to snake case (notice the capitalization): `w`[0m

[1m[33mwarning[0m[1m: variable `W` should have a snake case name[0m
   [1m[94m--> [0msrc/main.rs:129:13
    [1m[94m|[0m
[1m[94m129[0m [1m[94m|[0m         let W = W.matmul(&X)?;
    [1m[94m|[0m             [1m[33m^[0m [1m[33mhelp: convert the identifier to snake case (notice the capitalization): `w`[0m

[1m[33mwarning[0m[1m: variable `W` should have a snake case name[0m
   [1m[94m--> [0msrc/main.rs:131:13
    [1m[94m|[0m
[1m[94m131[0m [1m[94m|[0m         let W = W.matmul(&Y.unsqueeze(1)?)?;
    [1m[94m|[0m             [1m[33m^[0m [1m[33mhelp: convert the identifier to snake case (notice the capitalization): `w`[0m

[1m[33mwarning[0m: `rust-candle-course` (bin "rust-candle-course") generated 13 warnings (run `cargo fix --bin "rust-candle-course" -p rust-candle-course` to apply 5 suggestions)
[1m[92m    Finished[0m `dev` profile [unoptimized + debuginfo] target(s) in 0.12s
[1m[38;5;255m[48;5;240m rust-candle-course [0m[1m[38;5;235m[48;5;204m check [0m[1m[38;5;235m[48;5;11m  13 warnings  [0m
[1m[92m    Checking[0m rust-candle-course v0.1.0 (/Users/stephen/Desktop/rust-candle-course)
[1m[33mwarning[0m[1m: unused import: `D`[0m
 [1m[94m--> [0msrc/main.rs:2:35
  [1m[94m|[0m
[1m[94m2[0m [1m[94m|[0m use candle_core::{Device, Tensor, D};
  [1m[94m|[0m                                   [1m[33m^[0m
  [1m[94m|[0m
  [1m[94m= [0m[1mnote[0m: `#[warn(unused_imports)]` (part of `#[warn(unused)]`) on by default

[1m[33mwarning[0m[1m: unnecessary parentheses around function argument[0m
  [1m[94m--> [0msrc/main.rs:30:54
   [1m[94m|[0m
[1m[94m30[0m [1m[94m|[0m         let bias: Tensor = Tensor::randn(0f32, 1f32, (1), &device)?;
   [1m[94m|[0m                                                      [1m[33m^[0m [1m[33m^[0m
   [1m[94m|[0m
   [1m[94m= [0m[1mnote[0m: `#[warn(unused_parens)]` (part of `#[warn(unused)]`) on by default
[1m[96mhelp[0m: remove these parentheses
   [1m[94m|[0m
[1m[94m30[0m [91m- [0m        let bias: Tensor = Tensor::randn(0f32, 1f32, [91m([0m1[91m)[0m, &device)?;
[1m[94m30[0m [92m+ [0m        let bias: Tensor = Tensor::randn(0f32, 1f32, 1[92m [0m, &device)?;
   [1m[94m|[0m

[1m[33mwarning[0m[1m: unused variable: `reg`[0m
  [1m[94m--> [0msrc/main.rs:62:13
   [1m[94m|[0m
[1m[94m62[0m [1m[94m|[0m         let reg = self.regularization;
   [1m[94m|[0m             [1m[33m^^^[0m [1m[33mhelp: if this is intentional, prefix it with an underscore: `_reg`[0m
   [1m[94m|[0m
   [1m[94m= [0m[1mnote[0m: `#[warn(unused_variables)]` (part of `#[warn(unused)]`) on by default

[1m[33mwarning[0m[1m: unused variable: `lr`[0m
  [1m[94m--> [0msrc/main.rs:63:13
   [1m[94m|[0m
[1m[94m63[0m [1m[94m|[0m         let lr = self.lr;
   [1m[94m|[0m             [1m[33m^^[0m [1m[33mhelp: if this is intentional, prefix it with an underscore: `_lr`[0m

[1m[33mwarning[0m[1m: unused variable: `loss`[0m
  [1m[94m--> [0msrc/main.rs:65:13
   [1m[94m|[0m
[1m[94m65[0m [1m[94m|[0m         let loss = output.sub(labels)?;
   [1m[94m|[0m             [1m[33m^^^^[0m [1m[33mhelp: if this is intentional, prefix it with an underscore: `_loss`[0m

[1m[33mwarning[0m[1m: fields `weights`, `bias`, `device`, `lr`, and `regularization` are never read[0m
  [1m[94m--> [0msrc/main.rs:19:5
   [1m[94m|[0m
[1m[94m18[0m [1m[94m|[0m struct LinearRegression {
   [1m[94m|[0m        [1m[94m----------------[0m [1m[94mfields in this struct[0m
[1m[94m19[0m [1m[94m|[0m     weights: Tensor,
   [1m[94m|[0m     [1m[33m^^^^^^^[0m
[1m[94m20[0m [1m[94m|[0m     bias: Tensor,
   [1m[94m|[0m     [1m[33m^^^^[0m
[1m[94m21[0m [1m[94m|[0m     device: Device,
   [1m[94m|[0m     [1m[33m^^^^^^[0m
[1m[94m22[0m [1m[94m|[0m     lr: f32,
   [1m[94m|[0m     [1m[33m^^[0m
[1m[94m23[0m [1m[94m|[0m     regularization: f32,
   [1m[94m|[0m     [1m[33m^^^^^^^^^^^^^^[0m
   [1m[94m|[0m
   [1m[94m= [0m[1mnote[0m: `#[warn(dead_code)]` (part of `#[warn(unused)]`) on by default

[1m[33mwarning[0m[1m: methods `forward`, `loss`, and `train` are never used[0m
  [1m[94m--> [0msrc/main.rs:43:8
   [1m[94m|[0m
[1m[94m26[0m [1m[94m|[0m impl LinearRegression {
   [1m[94m|[0m [1m[94m---------------------[0m [1m[94mmethods in this implementation[0m
[1m[94m...[0m
[1m[94m43[0m [1m[94m|[0m     fn forward(&self, x: &Tensor) -> Result<Tensor> {
   [1m[94m|[0m        [1m[33m^^^^^^^[0m
[1m[94m...[0m
[1m[94m49[0m [1m[94m|[0m     fn loss(&self, predictions: &Tensor, targets: &Tensor) -> Result<f32> {
   [1m[94m|[0m        [1m[33m^^^^[0m
[1m[94m...[0m
[1m[94m56[0m [1m[94m|[0m     fn train(
   [1m[94m|[0m        [1m[33m^^^^^[0m

[1m[33mwarning[0m[1m: variable `X` should have a snake case name[0m
   [1m[94m--> [0msrc/main.rs:120:13
    [1m[94m|[0m
[1m[94m120[0m [1m[94m|[0m         let X = features.broadcast_sub(&xm)?;
    [1m[94m|[0m             [1m[33m^[0m [1m[33mhelp: convert the identifier to snake case (notice the capitalization): `x`[0m
    [1m[94m|[0m
    [1m[94m= [0m[1mnote[0m: `#[warn(non_snake_case)]` (part of `#[warn(nonstandard_style)]`) on by default

[1m[33mwarning[0m[1m: variable `Y` should have a snake case name[0m
   [1m[94m--> [0msrc/main.rs:121:13
    [1m[94m|[0m
[1m[94m121[0m [1m[94m|[0m         let Y = labels.broadcast_sub(&ym)?;
    [1m[94m|[0m             [1m[33m^[0m [1m[33mhelp: convert the identifier to snake case (notice the capitalization): `y`[0m

[1m[33mwarning[0m[1m: variable `W` should have a snake case name[0m
   [1m[94m--> [0msrc/main.rs:127:13
    [1m[94m|[0m
[1m[94m127[0m [1m[94m|[0m         let W = X.matmul(&X.t()?)?;
    [1m[94m|[0m             [1m[33m^[0m [1m[33mhelp: convert the identifier to snake case (notice the capitalization): `w`[0m

[1m[33mwarning[0m[1m: variable `W` should have a snake case name[0m
   [1m[94m--> [0msrc/main.rs:128:13
    [1m[94m|[0m
[1m[94m128[0m [1m[94m|[0m         let W = invert_tensor(&W)?;
    [1m[94m|[0m             [1m[33m^[0m [1m[33mhelp: convert the identifier to snake case (notice the capitalization): `w`[0m

[1m[33mwarning[0m[1m: variable `W` should have a snake case name[0m
   [1m[94m--> [0msrc/main.rs:129:13
    [1m[94m|[0m
[1m[94m129[0m [1m[94m|[0m         let W = W.matmul(&X)?;
    [1m[94m|[0m             [1m[33m^[0m [1m[33mhelp: convert the identifier to snake case (notice the capitalization): `w`[0m

[1m[33mwarning[0m[1m: variable `W` should have a snake case name[0m
   [1m[94m--> [0msrc/main.rs:131:13
    [1m[94m|[0m
[1m[94m131[0m [1m[94m|[0m         let W = W.matmul(&Y.unsqueeze(0)?)?;
    [1m[94m|[0m             [1m[33m^[0m [1m[33mhelp: convert the identifier to snake case (notice the capitalization): `w`[0m

[1m[33mwarning[0m: `rust-candle-course` (bin "rust-candle-course") generated 13 warnings (run `cargo fix --bin "rust-candle-course" -p rust-candle-course` to apply 5 suggestions)
[1m[92m    Finished[0m `dev` profile [unoptimized + debuginfo] target(s) in 0.13s
[1m[38;5;255m[48;5;240m rust-candle-course [0m[1m[38;5;235m[48;5;204m check [0m[1m[38;5;235m[48;5;11m  13 warnings  [0m
[1m[92m    Checking[0m rust-candle-course v0.1.0 (/Users/stephen/Desktop/rust-candle-course)
[1m[33mwarning[0m[1m: unused import: `D`[0m
 [1m[94m--> [0msrc/main.rs:2:35
  [1m[94m|[0m
[1m[94m2[0m [1m[94m|[0m use candle_core::{Device, Tensor, D};
  [1m[94m|[0m                                   [1m[33m^[0m
  [1m[94m|[0m
  [1m[94m= [0m[1mnote[0m: `#[warn(unused_imports)]` (part of `#[warn(unused)]`) on by default

[1m[33mwarning[0m[1m: unnecessary parentheses around function argument[0m
  [1m[94m--> [0msrc/main.rs:30:54
   [1m[94m|[0m
[1m[94m30[0m [1m[94m|[0m         let bias: Tensor = Tensor::randn(0f32, 1f32, (1), &device)?;
   [1m[94m|[0m                                                      [1m[33m^[0m [1m[33m^[0m
   [1m[94m|[0m
   [1m[94m= [0m[1mnote[0m: `#[warn(unused_parens)]` (part of `#[warn(unused)]`) on by default
[1m[96mhelp[0m: remove these parentheses
   [1m[94m|[0m
[1m[94m30[0m [91m- [0m        let bias: Tensor = Tensor::randn(0f32, 1f32, [91m([0m1[91m)[0m, &device)?;
[1m[94m30[0m [92m+ [0m        let bias: Tensor = Tensor::randn(0f32, 1f32, 1[92m [0m, &device)?;
   [1m[94m|[0m

[1m[33mwarning[0m[1m: unused variable: `reg`[0m
  [1m[94m--> [0msrc/main.rs:62:13
   [1m[94m|[0m
[1m[94m62[0m [1m[94m|[0m         let reg = self.regularization;
   [1m[94m|[0m             [1m[33m^^^[0m [1m[33mhelp: if this is intentional, prefix it with an underscore: `_reg`[0m
   [1m[94m|[0m
   [1m[94m= [0m[1mnote[0m: `#[warn(unused_variables)]` (part of `#[warn(unused)]`) on by default

[1m[33mwarning[0m[1m: unused variable: `lr`[0m
  [1m[94m--> [0msrc/main.rs:63:13
   [1m[94m|[0m
[1m[94m63[0m [1m[94m|[0m         let lr = self.lr;
   [1m[94m|[0m             [1m[33m^^[0m [1m[33mhelp: if this is intentional, prefix it with an underscore: `_lr`[0m

[1m[33mwarning[0m[1m: unused variable: `loss`[0m
  [1m[94m--> [0msrc/main.rs:65:13
   [1m[94m|[0m
[1m[94m65[0m [1m[94m|[0m         let loss = output.sub(labels)?;
   [1m[94m|[0m             [1m[33m^^^^[0m [1m[33mhelp: if this is intentional, prefix it with an underscore: `_loss`[0m

[1m[33mwarning[0m[1m: fields `weights`, `bias`, `device`, `lr`, and `regularization` are never read[0m
  [1m[94m--> [0msrc/main.rs:19:5
   [1m[94m|[0m
[1m[94m18[0m [1m[94m|[0m struct LinearRegression {
   [1m[94m|[0m        [1m[94m----------------[0m [1m[94mfields in this struct[0m
[1m[94m19[0m [1m[94m|[0m     weights: Tensor,
   [1m[94m|[0m     [1m[33m^^^^^^^[0m
[1m[94m20[0m [1m[94m|[0m     bias: Tensor,
   [1m[94m|[0m     [1m[33m^^^^[0m
[1m[94m21[0m [1m[94m|[0m     device: Device,
   [1m[94m|[0m     [1m[33m^^^^^^[0m
[1m[94m22[0m [1m[94m|[0m     lr: f32,
   [1m[94m|[0m     [1m[33m^^[0m
[1m[94m23[0m [1m[94m|[0m     regularization: f32,
   [1m[94m|[0m     [1m[33m^^^^^^^^^^^^^^[0m
   [1m[94m|[0m
   [1m[94m= [0m[1mnote[0m: `#[warn(dead_code)]` (part of `#[warn(unused)]`) on by default

[1m[33mwarning[0m[1m: methods `forward`, `loss`, and `train` are never used[0m
  [1m[94m--> [0msrc/main.rs:43:8
   [1m[94m|[0m
[1m[94m26[0m [1m[94m|[0m impl LinearRegression {
   [1m[94m|[0m [1m[94m---------------------[0m [1m[94mmethods in this implementation[0m
[1m[94m...[0m
[1m[94m43[0m [1m[94m|[0m     fn forward(&self, x: &Tensor) -> Result<Tensor> {
   [1m[94m|[0m        [1m[33m^^^^^^^[0m
[1m[94m...[0m
[1m[94m49[0m [1m[94m|[0m     fn loss(&self, predictions: &Tensor, targets: &Tensor) -> Result<f32> {
   [1m[94m|[0m        [1m[33m^^^^[0m
[1m[94m...[0m
[1m[94m56[0m [1m[94m|[0m     fn train(
   [1m[94m|[0m        [1m[33m^^^^^[0m

[1m[33mwarning[0m[1m: variable `X` should have a snake case name[0m
   [1m[94m--> [0msrc/main.rs:120:13
    [1m[94m|[0m
[1m[94m120[0m [1m[94m|[0m         let X = features.broadcast_sub(&xm)?;
    [1m[94m|[0m             [1m[33m^[0m [1m[33mhelp: convert the identifier to snake case (notice the capitalization): `x`[0m
    [1m[94m|[0m
    [1m[94m= [0m[1mnote[0m: `#[warn(non_snake_case)]` (part of `#[warn(nonstandard_style)]`) on by default

[1m[33mwarning[0m[1m: variable `Y` should have a snake case name[0m
   [1m[94m--> [0msrc/main.rs:121:13
    [1m[94m|[0m
[1m[94m121[0m [1m[94m|[0m         let Y = labels.broadcast_sub(&ym)?;
    [1m[94m|[0m             [1m[33m^[0m [1m[33mhelp: convert the identifier to snake case (notice the capitalization): `y`[0m

[1m[33mwarning[0m[1m: variable `W` should have a snake case name[0m
   [1m[94m--> [0msrc/main.rs:127:13
    [1m[94m|[0m
[1m[94m127[0m [1m[94m|[0m         let W = X.matmul(&X.t()?)?;
    [1m[94m|[0m             [1m[33m^[0m [1m[33mhelp: convert the identifier to snake case (notice the capitalization): `w`[0m

[1m[33mwarning[0m[1m: variable `W` should have a snake case name[0m
   [1m[94m--> [0msrc/main.rs:128:13
    [1m[94m|[0m
[1m[94m128[0m [1m[94m|[0m         let W = invert_tensor(&W)?;
    [1m[94m|[0m             [1m[33m^[0m [1m[33mhelp: convert the identifier to snake case (notice the capitalization): `w`[0m

[1m[33mwarning[0m[1m: variable `W` should have a snake case name[0m
   [1m[94m--> [0msrc/main.rs:129:13
    [1m[94m|[0m
[1m[94m129[0m [1m[94m|[0m         let W = W.matmul(&X)?;
    [1m[94m|[0m             [1m[33m^[0m [1m[33mhelp: convert the identifier to snake case (notice the capitalization): `w`[0m

[1m[33mwarning[0m[1m: variable `W` should have a snake case name[0m
   [1m[94m--> [0msrc/main.rs:131:13
    [1m[94m|[0m
[1m[94m131[0m [1m[94m|[0m         let W = W.matmul(&Y.unsqueeze(0)?)?;
    [1m[94m|[0m             [1m[33m^[0m [1m[33mhelp: convert the identifier to snake case (notice the capitalization): `w`[0m

[1m[33mwarning[0m: `rust-candle-course` (bin "rust-candle-course") generated 13 warnings (run `cargo fix --bin "rust-candle-course" -p rust-candle-course` to apply 5 suggestions)
[1m[92m    Finished[0m `dev` profile [unoptimized + debuginfo] target(s) in 0.12s
[1m[38;5;255m[48;5;240m rust-candle-course [0m[1m[38;5;235m[48;5;204m check [0m[1m[38;5;235m[48;5;11m  13 warnings  [0m
[1m[92m    Checking[0m rust-candle-course v0.1.0 (/Users/stephen/Desktop/rust-candle-course)
[1m[33mwarning[0m[1m: unused import: `D`[0m
 [1m[94m--> [0msrc/main.rs:2:35
  [1m[94m|[0m
[1m[94m2[0m [1m[94m|[0m use candle_core::{Device, Tensor, D};
  [1m[94m|[0m                                   [1m[33m^[0m
  [1m[94m|[0m
  [1m[94m= [0m[1mnote[0m: `#[warn(unused_imports)]` (part of `#[warn(unused)]`) on by default

[1m[33mwarning[0m[1m: unnecessary parentheses around function argument[0m
  [1m[94m--> [0msrc/main.rs:30:54
   [1m[94m|[0m
[1m[94m30[0m [1m[94m|[0m         let bias: Tensor = Tensor::randn(0f32, 1f32, (1), &device)?;
   [1m[94m|[0m                                                      [1m[33m^[0m [1m[33m^[0m
   [1m[94m|[0m
   [1m[94m= [0m[1mnote[0m: `#[warn(unused_parens)]` (part of `#[warn(unused)]`) on by default
[1m[96mhelp[0m: remove these parentheses
   [1m[94m|[0m
[1m[94m30[0m [91m- [0m        let bias: Tensor = Tensor::randn(0f32, 1f32, [91m([0m1[91m)[0m, &device)?;
[1m[94m30[0m [92m+ [0m        let bias: Tensor = Tensor::randn(0f32, 1f32, 1[92m [0m, &device)?;
   [1m[94m|[0m

[1m[33mwarning[0m[1m: unused variable: `reg`[0m
  [1m[94m--> [0msrc/main.rs:62:13
   [1m[94m|[0m
[1m[94m62[0m [1m[94m|[0m         let reg = self.regularization;
   [1m[94m|[0m             [1m[33m^^^[0m [1m[33mhelp: if this is intentional, prefix it with an underscore: `_reg`[0m
   [1m[94m|[0m
   [1m[94m= [0m[1mnote[0m: `#[warn(unused_variables)]` (part of `#[warn(unused)]`) on by default

[1m[33mwarning[0m[1m: unused variable: `lr`[0m
  [1m[94m--> [0msrc/main.rs:63:13
   [1m[94m|[0m
[1m[94m63[0m [1m[94m|[0m         let lr = self.lr;
   [1m[94m|[0m             [1m[33m^^[0m [1m[33mhelp: if this is intentional, prefix it with an underscore: `_lr`[0m

[1m[33mwarning[0m[1m: unused variable: `loss`[0m
  [1m[94m--> [0msrc/main.rs:65:13
   [1m[94m|[0m
[1m[94m65[0m [1m[94m|[0m         let loss = output.sub(labels)?;
   [1m[94m|[0m             [1m[33m^^^^[0m [1m[33mhelp: if this is intentional, prefix it with an underscore: `_loss`[0m

[1m[33mwarning[0m[1m: unused variable: `Y`[0m
   [1m[94m--> [0msrc/main.rs:121:13
    [1m[94m|[0m
[1m[94m121[0m [1m[94m|[0m         let Y = labels.broadcast_sub(&ym)?;
    [1m[94m|[0m             [1m[33m^[0m [1m[33mhelp: if this is intentional, prefix it with an underscore: `_Y`[0m

[1m[33mwarning[0m[1m: function `invert_tensor` is never used[0m
 [1m[94m--> [0msrc/main.rs:5:4
  [1m[94m|[0m
[1m[94m5[0m [1m[94m|[0m fn invert_tensor(tensor: &Tensor) -> Result<Tensor> {
  [1m[94m|[0m    [1m[33m^^^^^^^^^^^^^[0m
  [1m[94m|[0m
  [1m[94m= [0m[1mnote[0m: `#[warn(dead_code)]` (part of `#[warn(unused)]`) on by default

[1m[33mwarning[0m[1m: fields `weights`, `bias`, `device`, `lr`, and `regularization` are never read[0m
  [1m[94m--> [0msrc/main.rs:19:5
   [1m[94m|[0m
[1m[94m18[0m [1m[94m|[0m struct LinearRegression {
   [1m[94m|[0m        [1m[94m----------------[0m [1m[94mfields in this struct[0m
[1m[94m19[0m [1m[94m|[0m     weights: Tensor,
   [1m[94m|[0m     [1m[33m^^^^^^^[0m
[1m[94m20[0m [1m[94m|[0m     bias: Tensor,
   [1m[94m|[0m     [1m[33m^^^^[0m
[1m[94m21[0m [1m[94m|[0m     device: Device,
   [1m[94m|[0m     [1m[33m^^^^^^[0m
[1m[94m22[0m [1m[94m|[0m     lr: f32,
   [1m[94m|[0m     [1m[33m^^[0m
[1m[94m23[0m [1m[94m|[0m     regularization: f32,
   [1m[94m|[0m     [1m[33m^^^^^^^^^^^^^^[0m

[1m[33mwarning[0m[1m: methods `forward`, `loss`, and `train` are never used[0m
  [1m[94m--> [0msrc/main.rs:43:8
   [1m[94m|[0m
[1m[94m26[0m [1m[94m|[0m impl LinearRegression {
   [1m[94m|[0m [1m[94m---------------------[0m [1m[94mmethods in this implementation[0m
[1m[94m...[0m
[1m[94m43[0m [1m[94m|[0m     fn forward(&self, x: &Tensor) -> Result<Tensor> {
   [1m[94m|[0m        [1m[33m^^^^^^^[0m
[1m[94m...[0m
[1m[94m49[0m [1m[94m|[0m     fn loss(&self, predictions: &Tensor, targets: &Tensor) -> Result<f32> {
   [1m[94m|[0m        [1m[33m^^^^[0m
[1m[94m...[0m
[1m[94m56[0m [1m[94m|[0m     fn train(
   [1m[94m|[0m        [1m[33m^^^^^[0m

[1m[33mwarning[0m[1m: variable `X` should have a snake case name[0m
   [1m[94m--> [0msrc/main.rs:120:13
    [1m[94m|[0m
[1m[94m120[0m [1m[94m|[0m         let X = features.broadcast_sub(&xm)?;
    [1m[94m|[0m             [1m[33m^[0m [1m[33mhelp: convert the identifier to snake case (notice the capitalization): `x`[0m
    [1m[94m|[0m
    [1m[94m= [0m[1mnote[0m: `#[warn(non_snake_case)]` (part of `#[warn(nonstandard_style)]`) on by default

[1m[33mwarning[0m[1m: variable `Y` should have a snake case name[0m
   [1m[94m--> [0msrc/main.rs:121:13
    [1m[94m|[0m
[1m[94m121[0m [1m[94m|[0m         let Y = labels.broadcast_sub(&ym)?;
    [1m[94m|[0m             [1m[33m^[0m [1m[33mhelp: convert the identifier to snake case (notice the capitalization): `y`[0m

[1m[33mwarning[0m[1m: variable `W` should have a snake case name[0m
   [1m[94m--> [0msrc/main.rs:127:13
    [1m[94m|[0m
[1m[94m127[0m [1m[94m|[0m         let W = X.matmul(&X.t()?)?;
    [1m[94m|[0m             [1m[33m^[0m [1m[33mhelp: convert the identifier to snake case (notice the capitalization): `w`[0m

[1m[33mwarning[0m[1m: variable `W` should have a snake case name[0m
   [1m[94m--> [0msrc/main.rs:129:13
    [1m[94m|[0m
[1m[94m129[0m [1m[94m|[0m         let W = W.matmul(&X)?;
    [1m[94m|[0m             [1m[33m^[0m [1m[33mhelp: convert the identifier to snake case (notice the capitalization): `w`[0m

[1m[33mwarning[0m: `rust-candle-course` (bin "rust-candle-course") generated 13 warnings (run `cargo fix --bin "rust-candle-course" -p rust-candle-course` to apply 6 suggestions)
[1m[92m    Finished[0m `dev` profile [unoptimized + debuginfo] target(s) in 0.13s
[1m[38;5;255m[48;5;240m rust-candle-course [0m[1m[38;5;235m[48;5;204m check [0m[1m[38;5;235m[48;5;11m  13 warnings  [0m
[1m[92m    Checking[0m rust-candle-course v0.1.0 (/Users/stephen/Desktop/rust-candle-course)
[1m[33mwarning[0m[1m: unused import: `D`[0m
 [1m[94m--> [0msrc/main.rs:2:35
  [1m[94m|[0m
[1m[94m2[0m [1m[94m|[0m use candle_core::{Device, Tensor, D};
  [1m[94m|[0m                                   [1m[33m^[0m
  [1m[94m|[0m
  [1m[94m= [0m[1mnote[0m: `#[warn(unused_imports)]` (part of `#[warn(unused)]`) on by default

[1m[33mwarning[0m[1m: unnecessary parentheses around function argument[0m
  [1m[94m--> [0msrc/main.rs:30:54
   [1m[94m|[0m
[1m[94m30[0m [1m[94m|[0m         let bias: Tensor = Tensor::randn(0f32, 1f32, (1), &device)?;
   [1m[94m|[0m                                                      [1m[33m^[0m [1m[33m^[0m
   [1m[94m|[0m
   [1m[94m= [0m[1mnote[0m: `#[warn(unused_parens)]` (part of `#[warn(unused)]`) on by default
[1m[96mhelp[0m: remove these parentheses
   [1m[94m|[0m
[1m[94m30[0m [91m- [0m        let bias: Tensor = Tensor::randn(0f32, 1f32, [91m([0m1[91m)[0m, &device)?;
[1m[94m30[0m [92m+ [0m        let bias: Tensor = Tensor::randn(0f32, 1f32, 1[92m [0m, &device)?;
   [1m[94m|[0m

[1m[33mwarning[0m[1m: unused variable: `reg`[0m
  [1m[94m--> [0msrc/main.rs:62:13
   [1m[94m|[0m
[1m[94m62[0m [1m[94m|[0m         let reg = self.regularization;
   [1m[94m|[0m             [1m[33m^^^[0m [1m[33mhelp: if this is intentional, prefix it with an underscore: `_reg`[0m
   [1m[94m|[0m
   [1m[94m= [0m[1mnote[0m: `#[warn(unused_variables)]` (part of `#[warn(unused)]`) on by default

[1m[33mwarning[0m[1m: unused variable: `lr`[0m
  [1m[94m--> [0msrc/main.rs:63:13
   [1m[94m|[0m
[1m[94m63[0m [1m[94m|[0m         let lr = self.lr;
   [1m[94m|[0m             [1m[33m^^[0m [1m[33mhelp: if this is intentional, prefix it with an underscore: `_lr`[0m

[1m[33mwarning[0m[1m: unused variable: `loss`[0m
  [1m[94m--> [0msrc/main.rs:65:13
   [1m[94m|[0m
[1m[94m65[0m [1m[94m|[0m         let loss = output.sub(labels)?;
   [1m[94m|[0m             [1m[33m^^^^[0m [1m[33mhelp: if this is intentional, prefix it with an underscore: `_loss`[0m

[1m[33mwarning[0m[1m: unused variable: `Y`[0m
   [1m[94m--> [0msrc/main.rs:121:13
    [1m[94m|[0m
[1m[94m121[0m [1m[94m|[0m         let Y = labels.broadcast_sub(&ym)?;
    [1m[94m|[0m             [1m[33m^[0m [1m[33mhelp: if this is intentional, prefix it with an underscore: `_Y`[0m

[1m[33mwarning[0m[1m: function `invert_tensor` is never used[0m
 [1m[94m--> [0msrc/main.rs:5:4
  [1m[94m|[0m
[1m[94m5[0m [1m[94m|[0m fn invert_tensor(tensor: &Tensor) -> Result<Tensor> {
  [1m[94m|[0m    [1m[33m^^^^^^^^^^^^^[0m
  [1m[94m|[0m
  [1m[94m= [0m[1mnote[0m: `#[warn(dead_code)]` (part of `#[warn(unused)]`) on by default

[1m[33mwarning[0m[1m: fields `weights`, `bias`, `device`, `lr`, and `regularization` are never read[0m
  [1m[94m--> [0msrc/main.rs:19:5
   [1m[94m|[0m
[1m[94m18[0m [1m[94m|[0m struct LinearRegression {
   [1m[94m|[0m        [1m[94m----------------[0m [1m[94mfields in this struct[0m
[1m[94m19[0m [1m[94m|[0m     weights: Tensor,
   [1m[94m|[0m     [1m[33m^^^^^^^[0m
[1m[94m20[0m [1m[94m|[0m     bias: Tensor,
   [1m[94m|[0m     [1m[33m^^^^[0m
[1m[94m21[0m [1m[94m|[0m     device: Device,
   [1m[94m|[0m     [1m[33m^^^^^^[0m
[1m[94m22[0m [1m[94m|[0m     lr: f32,
   [1m[94m|[0m     [1m[33m^^[0m
[1m[94m23[0m [1m[94m|[0m     regularization: f32,
   [1m[94m|[0m     [1m[33m^^^^^^^^^^^^^^[0m

[1m[33mwarning[0m[1m: methods `forward`, `loss`, and `train` are never used[0m
  [1m[94m--> [0msrc/main.rs:43:8
   [1m[94m|[0m
[1m[94m26[0m [1m[94m|[0m impl LinearRegression {
   [1m[94m|[0m [1m[94m---------------------[0m [1m[94mmethods in this implementation[0m
[1m[94m...[0m
[1m[94m43[0m [1m[94m|[0m     fn forward(&self, x: &Tensor) -> Result<Tensor> {
   [1m[94m|[0m        [1m[33m^^^^^^^[0m
[1m[94m...[0m
[1m[94m49[0m [1m[94m|[0m     fn loss(&self, predictions: &Tensor, targets: &Tensor) -> Result<f32> {
   [1m[94m|[0m        [1m[33m^^^^[0m
[1m[94m...[0m
[1m[94m56[0m [1m[94m|[0m     fn train(
   [1m[94m|[0m        [1m[33m^^^^^[0m

[1m[33mwarning[0m[1m: variable `X` should have a snake case name[0m
   [1m[94m--> [0msrc/main.rs:120:13
    [1m[94m|[0m
[1m[94m120[0m [1m[94m|[0m         let X = features.broadcast_sub(&xm)?;
    [1m[94m|[0m             [1m[33m^[0m [1m[33mhelp: convert the identifier to snake case (notice the capitalization): `x`[0m
    [1m[94m|[0m
    [1m[94m= [0m[1mnote[0m: `#[warn(non_snake_case)]` (part of `#[warn(nonstandard_style)]`) on by default

[1m[33mwarning[0m[1m: variable `Y` should have a snake case name[0m
   [1m[94m--> [0msrc/main.rs:121:13
    [1m[94m|[0m
[1m[94m121[0m [1m[94m|[0m         let Y = labels.broadcast_sub(&ym)?;
    [1m[94m|[0m             [1m[33m^[0m [1m[33mhelp: convert the identifier to snake case (notice the capitalization): `y`[0m

[1m[33mwarning[0m[1m: variable `W` should have a snake case name[0m
   [1m[94m--> [0msrc/main.rs:127:13
    [1m[94m|[0m
[1m[94m127[0m [1m[94m|[0m         let W = X.matmul(&X.t()?)?;
    [1m[94m|[0m             [1m[33m^[0m [1m[33mhelp: convert the identifier to snake case (notice the capitalization): `w`[0m

[1m[33mwarning[0m: `rust-candle-course` (bin "rust-candle-course") generated 12 warnings (run `cargo fix --bin "rust-candle-course" -p rust-candle-course` to apply 6 suggestions)
[1m[92m    Finished[0m `dev` profile [unoptimized + debuginfo] target(s) in 0.12s
[1m[38;5;255m[48;5;240m rust-candle-course [0m[1m[38;5;235m[48;5;204m check [0m[1m[38;5;235m[48;5;11m  12 warnings  [0m
